point_id,x,y,z
1,-0.000535055,-0.0153349,0.000312494
2,-0.000533055,-0.0153349,0.000312494
3,-0.000535055,-0.0153329,0.000312494
4,-0.000533055,-0.0153329,0.000312494
5,-0.000535055,-0.0153349,0.000314494
6,-0.000533055,-0.0153349,0.000314494
7,-0.000535055,-0.0153329,0.000314494
8,-0.000533055,-0.0153329,0.000314494
9,-0.000535055,-0.0153349,0.000314494
10,-0.000533055,-0.0153349,0.000314494
11,-0.000535055,-0.0153329,0.000314494
12,-0.000533055,-0.0153329,0.000314494
13,-0.000535055,-0.0153349,0.000316494
14,-0.000533055,-0.0153349,0.000316494
15,-0.000535055,-0.0153329,0.000316494
16,-0.000533055,-0.0153329,0.000316494
17,-0.000535055,-0.0153349,0.000316494
18,-0.000533055,-0.0153349,0.000316494
19,-0.000535055,-0.0153329,0.000316494
20,-0.000533055,-0.0153329,0.000316494
21,-0.000535055,-0.0153349,0.000318494
22,-0.000533055,-0.0153349,0.000318494
23,-0.000535055,-0.0153329,0.000318494
24,-0.000533055,-0.0153329,0.000318494
25,-0.000535055,-0.0153349,0.000318494
26,-0.000533055,-0.0153349,0.000318494
27,-0.000535055,-0.0153329,0.000318494
28,-0.000533055,-0.0153329,0.000318494
29,-0.000535055,-0.0153349,0.000320494
30,-0.000533055,-0.0153349,0.000320494
31,-0.000535055,-0.0153329,0.000320494
32,-0.000533055,-0.0153329,0.000320494
33,-0.000535055,-0.0153329,0.000312494
34,-0.000533055,-0.0153329,0.000312494
35,-0.000535055,-0.0153309,0.000312494
36,-0.000533055,-0.0153309,0.000312494
37,-0.000535055,-0.0153329,0.000314494
38,-0.000533055,-0.0153329,0.000314494
39,-0.000535055,-0.0153309,0.000314494
40,-0.000533055,-0.0153309,0.000314494
41,-0.000535055,-0.0153329,0.000314494
42,-0.000533055,-0.0153329,0.000314494
43,-0.000535055,-0.0153309,0.000314494
44,-0.000533055,-0.0153309,0.000314494
45,-0.000535055,-0.0153329,0.000316494
46,-0.000533055,-0.0153329,0.000316494
47,-0.000535055,-0.0153309,0.000316494
48,-0.000533055,-0.0153309,0.000316494
49,-0.000535055,-0.0153329,0.000316494
50,-0.000533055,-0.0153329,0.000316494
51,-0.000535055,-0.0153309,0.000316494
52,-0.000533055,-0.0153309,0.000316494
53,-0.000535055,-0.0153329,0.000318494
54,-0.000533055,-0.0153329,0.000318494
55,-0.000535055,-0.0153309,0.000318494
56,-0.000533055,-0.0153309,0.000318494
57,-0.000535055,-0.0153329,0.000318494
58,-0.000533055,-0.0153329,0.000318494
59,-0.000535055,-0.0153309,0.000318494
60,-0.000533055,-0.0153309,0.000318494
61,-0.000535055,-0.0153329,0.000320494
62,-0.000533055,-0.0153329,0.000320494
63,-0.000535055,-0.0153309,0.000320494
64,-0.000533055,-0.0153309,0.000320494
65,-0.000535055,-0.0153309,0.000312494
66,-0.000533055,-0.0153309,0.000312494
67,-0.000535055,-0.0153289,0.000312494
68,-0.000533055,-0.0153289,0.000312494
69,-0.000535055,-0.0153309,0.000314494
70,-0.000533055,-0.0153309,0.000314494
71,-0.000535055,-0.0153289,0.000314494
72,-0.000533055,-0.0153289,0.000314494
73,-0.000535055,-0.0153309,0.000314494
74,-0.000533055,-0.0153309,0.000314494
75,-0.000535055,-0.0153289,0.000314494
76,-0.000533055,-0.0153289,0.000314494
77,-0.000535055,-0.0153309,0.000316494
78,-0.000533055,-0.0153309,0.000316494
79,-0.000535055,-0.0153289,0.000316494
80,-0.000533055,-0.0153289,0.000316494
81,-0.000535055,-0.0153309,0.000316494
82,-0.000533055,-0.0153309,0.000316494
83,-0.000535055,-0.0153289,0.000316494
84,-0.000533055,-0.0153289,0.000316494
85,-0.000535055,-0.0153309,0.000318494
86,-0.000533055,-0.0153309,0.000318494
87,-0.000535055,-0.0153289,0.000318494
88,-0.000533055,-0.0153289,0.000318494
89,-0.000535055,-0.0153309,0.000318494
90,-0.000533055,-0.0153309,0.000318494
91,-0.000535055,-0.0153289,0.000318494
92,-0.000533055,-0.0153289,0.000318494
93,-0.000535055,-0.0153309,0.000320494
94,-0.000533055,-0.0153309,0.000320494
95,-0.000535055,-0.0153289,0.000320494
96,-0.000533055,-0.0153289,0.000320494
97,-0.000535055,-0.0153289,0.000312494
98,-0.000533055,-0.0153289,0.000312494
99,-0.000535055,-0.0153269,0.000312494
100,-0.000533055,-0.0153269,0.000312494
101,-0.000535055,-0.0153289,0.000314494
102,-0.000533055,-0.0153289,0.000314494
103,-0.000535055,-0.0153269,0.000314494
104,-0.000533055,-0.0153269,0.000314494
105,-0.000535055,-0.0153289,0.000314494
106,-0.000533055,-0.0153289,0.000314494
107,-0.000535055,-0.0153269,0.000314494
108,-0.000533055,-0.0153269,0.000314494
109,-0.000535055,-0.0153289,0.000316494
110,-0.000533055,-0.0153289,0.000316494
111,-0.000535055,-0.0153269,0.000316494
112,-0.000533055,-0.0153269,0.000316494
113,-0.000535055,-0.0153289,0.000316494
114,-0.000533055,-0.0153289,0.000316494
115,-0.000535055,-0.0153269,0.000316494
116,-0.000533055,-0.0153269,0.000316494
117,-0.000535055,-0.0153289,0.000318494
118,-0.000533055,-0.0153289,0.000318494
119,-0.000535055,-0.0153269,0.000318494
120,-0.000533055,-0.0153269,0.000318494
121,-0.000535055,-0.0153289,0.000318494
122,-0.000533055,-0.0153289,0.000318494
123,-0.000535055,-0.0153269,0.000318494
124,-0.000533055,-0.0153269,0.000318494
125,-0.000535055,-0.0153289,0.000320494
126,-0.000533055,-0.0153289,0.000320494
127,-0.000535055,-0.0153269,0.000320494
128,-0.000533055,-0.0153269,0.000320494
129,-0.000517055,-0.0153449,0.000302494
130,-0.000515055,-0.0153449,0.000302494
131,-0.000517055,-0.0153429,0.000302494
132,-0.000515055,-0.0153429,0.000302494
133,-0.000517055,-0.0153449,0.000304494
134,-0.000515055,-0.0153449,0.000304494
135,-0.000517055,-0.0153429,0.000304494
136,-0.000515055,-0.0153429,0.000304494
137,-0.000517055,-0.0153449,0.000304494
138,-0.000515055,-0.0153449,0.000304494
139,-0.000517055,-0.0153429,0.000304494
140,-0.000515055,-0.0153429,0.000304494
141,-0.000517055,-0.0153449,0.000306494
142,-0.000515055,-0.0153449,0.000306494
143,-0.000517055,-0.0153429,0.000306494
144,-0.000515055,-0.0153429,0.000306494
145,-0.000517055,-0.0153269,0.000320494
146,-0.000515055,-0.0153269,0.000320494
147,-0.000517055,-0.0153249,0.000320494
148,-0.000515055,-0.0153249,0.000320494
149,-0.000517055,-0.0153269,0.000322494
150,-0.000515055,-0.0153269,0.000322494
151,-0.000517055,-0.0153249,0.000322494
152,-0.000515055,-0.0153249,0.000322494
153,-0.000517055,-0.0153269,0.000322494
154,-0.000515055,-0.0153269,0.000322494
155,-0.000517055,-0.0153249,0.000322494
156,-0.000515055,-0.0153249,0.000322494
157,-0.000517055,-0.0153269,0.000324494
158,-0.000515055,-0.0153269,0.000324494
159,-0.000517055,-0.0153249,0.000324494
160,-0.000515055,-0.0153249,0.000324494
161,-0.000517055,-0.0153269,0.000298494
162,-0.000515055,-0.0153269,0.000298494
163,-0.000517055,-0.0153249,0.000298494
164,-0.000515055,-0.0153249,0.000298494
165,-0.000517055,-0.0153269,0.000300494
166,-0.000515055,-0.0153269,0.000300494
167,-0.000517055,-0.0153249,0.000300494
168,-0.000515055,-0.0153249,0.000300494
169,-0.000517055,-0.0153269,0.000300494
170,-0.000515055,-0.0153269,0.000300494
171,-0.000517055,-0.0153249,0.000300494
172,-0.000515055,-0.0153249,0.000300494
173,-0.000517055,-0.0153269,0.000302494
174,-0.000515055,-0.0153269,0.000302494
175,-0.000517055,-0.0153249,0.000302494
176,-0.000515055,-0.0153249,0.000302494
177,-0.000517055,-0.0153269,0.000302494
178,-0.000515055,-0.0153269,0.000302494
179,-0.000517055,-0.0153249,0.000302494
180,-0.000515055,-0.0153249,0.000302494
181,-0.000517055,-0.0153269,0.000304494
182,-0.000515055,-0.0153269,0.000304494
183,-0.000517055,-0.0153249,0.000304494
184,-0.000515055,-0.0153249,0.000304494
185,-0.000517055,-0.0153269,0.000304494
186,-0.000515055,-0.0153269,0.000304494
187,-0.000517055,-0.0153249,0.000304494
188,-0.000515055,-0.0153249,0.000304494
189,-0.000517055,-0.0153269,0.000306494
190,-0.000515055,-0.0153269,0.000306494
191,-0.000517055,-0.0153249,0.000306494
192,-0.000515055,-0.0153249,0.000306494
193,-0.000517055,-0.0153249,0.000316494
194,-0.000515055,-0.0153249,0.000316494
195,-0.000517055,-0.0153229,0.000316494
196,-0.000515055,-0.0153229,0.000316494
197,-0.000517055,-0.0153249,0.000318494
198,-0.000515055,-0.0153249,0.000318494
199,-0.000517055,-0.0153229,0.000318494
200,-0.000515055,-0.0153229,0.000318494
201,-0.000517055,-0.0153249,0.000318494
202,-0.000515055,-0.0153249,0.000318494
203,-0.000517055,-0.0153229,0.000318494
204,-0.000515055,-0.0153229,0.000318494
205,-0.000517055,-0.0153249,0.000320494
206,-0.000515055,-0.0153249,0.000320494
207,-0.000517055,-0.0153229,0.000320494
208,-0.000515055,-0.0153229,0.000320494
209,-0.000517055,-0.0153249,0.000320494
210,-0.000515055,-0.0153249,0.000320494
211,-0.000517055,-0.0153229,0.000320494
212,-0.000515055,-0.0153229,0.000320494
213,-0.000517055,-0.0153249,0.000322494
214,-0.000515055,-0.0153249,0.000322494
215,-0.000517055,-0.0153229,0.000322494
216,-0.000515055,-0.0153229,0.000322494
217,-0.000517055,-0.0153249,0.000300494
218,-0.000515055,-0.0153249,0.000300494
219,-0.000517055,-0.0153229,0.000300494
220,-0.000515055,-0.0153229,0.000300494
221,-0.000517055,-0.0153249,0.000302494
222,-0.000515055,-0.0153249,0.000302494
223,-0.000517055,-0.0153229,0.000302494
224,-0.000515055,-0.0153229,0.000302494
225,-0.000517055,-0.0153249,0.000302494
226,-0.000515055,-0.0153249,0.000302494
227,-0.000517055,-0.0153229,0.000302494
228,-0.000515055,-0.0153229,0.000302494
229,-0.000517055,-0.0153249,0.000304494
230,-0.000515055,-0.0153249,0.000304494
231,-0.000517055,-0.0153229,0.000304494
232,-0.000515055,-0.0153229,0.000304494
233,-0.000517055,-0.0153249,0.000304494
234,-0.000515055,-0.0153249,0.000304494
235,-0.000517055,-0.0153229,0.000304494
236,-0.000515055,-0.0153229,0.000304494
237,-0.000517055,-0.0153249,0.000306494
238,-0.000515055,-0.0153249,0.000306494
239,-0.000517055,-0.0153229,0.000306494
240,-0.000515055,-0.0153229,0.000306494
241,-0.000517055,-0.0153229,0.000312494
242,-0.000515055,-0.0153229,0.000312494
243,-0.000517055,-0.0153209,0.000312494
244,-0.000515055,-0.0153209,0.000312494
245,-0.000517055,-0.0153229,0.000314494
246,-0.000515055,-0.0153229,0.000314494
247,-0.000517055,-0.0153209,0.000314494
248,-0.000515055,-0.0153209,0.000314494
249,-0.000517055,-0.0153229,0.000314494
250,-0.000515055,-0.0153229,0.000314494
251,-0.000517055,-0.0153209,0.000314494
252,-0.000515055,-0.0153209,0.000314494
253,-0.000517055,-0.0153229,0.000316494
254,-0.000515055,-0.0153229,0.000316494
255,-0.000517055,-0.0153209,0.000316494
256,-0.000515055,-0.0153209,0.000316494
257,-0.000517055,-0.0153229,0.000316494
258,-0.000515055,-0.0153229,0.000316494
259,-0.000517055,-0.0153209,0.000316494
260,-0.000515055,-0.0153209,0.000316494
261,-0.000517055,-0.0153229,0.000318494
262,-0.000515055,-0.0153229,0.000318494
263,-0.000517055,-0.0153209,0.000318494
264,-0.000515055,-0.0153209,0.000318494
265,-0.000517055,-0.0153229,0.000318494
266,-0.000515055,-0.0153229,0.000318494
267,-0.000517055,-0.0153209,0.000318494
268,-0.000515055,-0.0153209,0.000318494
269,-0.000517055,-0.0153229,0.000320494
270,-0.000515055,-0.0153229,0.000320494
271,-0.000517055,-0.0153209,0.000320494
272,-0.000515055,-0.0153209,0.000320494
273,-0.000517055,-0.0153229,0.000300494
274,-0.000515055,-0.0153229,0.000300494
275,-0.000517055,-0.0153209,0.000300494
276,-0.000515055,-0.0153209,0.000300494
277,-0.000517055,-0.0153229,0.000302494
278,-0.000515055,-0.0153229,0.000302494
279,-0.000517055,-0.0153209,0.000302494
280,-0.000515055,-0.0153209,0.000302494
281,-0.000517055,-0.0153229,0.000302494
282,-0.000515055,-0.0153229,0.000302494
283,-0.000517055,-0.0153209,0.000302494
284,-0.000515055,-0.0153209,0.000302494
285,-0.000517055,-0.0153229,0.000304494
286,-0.000515055,-0.0153229,0.000304494
287,-0.000517055,-0.0153209,0.000304494
288,-0.000515055,-0.0153209,0.000304494
289,-0.000517055,-0.0153229,0.000304494
290,-0.000515055,-0.0153229,0.000304494
291,-0.000517055,-0.0153209,0.000304494
292,-0.000515055,-0.0153209,0.000304494
293,-0.000517055,-0.0153229,0.000306494
294,-0.000515055,-0.0153229,0.000306494
295,-0.000517055,-0.0153209,0.000306494
296,-0.000515055,-0.0153209,0.000306494
297,-0.000517055,-0.0153229,0.000306494
298,-0.000515055,-0.0153229,0.000306494
299,-0.000517055,-0.0153209,0.000306494
300,-0.000515055,-0.0153209,0.000306494
301,-0.000517055,-0.0153229,0.000308494
302,-0.000515055,-0.0153229,0.000308494
303,-0.000517055,-0.0153209,0.000308494
304,-0.000515055,-0.0153209,0.000308494
305,-0.000517055,-0.0153229,0.000308494
306,-0.000515055,-0.0153229,0.000308494
307,-0.000517055,-0.0153209,0.000308494
308,-0.000515055,-0.0153209,0.000308494
309,-0.000517055,-0.0153229,0.000310494
310,-0.000515055,-0.0153229,0.000310494
311,-0.000517055,-0.0153209,0.000310494
312,-0.000515055,-0.0153209,0.000310494
313,-0.000517055,-0.0153229,0.000310494
314,-0.000515055,-0.0153229,0.000310494
315,-0.000517055,-0.0153209,0.000310494
316,-0.000515055,-0.0153209,0.000310494
317,-0.000517055,-0.0153229,0.000312494
318,-0.000515055,-0.0153229,0.000312494
319,-0.000517055,-0.0153209,0.000312494
320,-0.000515055,-0.0153209,0.000312494
321,-0.000517055,-0.0153209,0.000304494
322,-0.000515055,-0.0153209,0.000304494
323,-0.000517055,-0.0153189,0.000304494
324,-0.000515055,-0.0153189,0.000304494
325,-0.000517055,-0.0153209,0.000306494
326,-0.000515055,-0.0153209,0.000306494
327,-0.000517055,-0.0153189,0.000306494
328,-0.000515055,-0.0153189,0.000306494
329,-0.000517055,-0.0153209,0.000306494
330,-0.000515055,-0.0153209,0.000306494
331,-0.000517055,-0.0153189,0.000306494
332,-0.000515055,-0.0153189,0.000306494
333,-0.000517055,-0.0153209,0.000308494
334,-0.000515055,-0.0153209,0.000308494
335,-0.000517055,-0.0153189,0.000308494
336,-0.000515055,-0.0153189,0.000308494
337,-0.000517055,-0.0153209,0.000308494
338,-0.000515055,-0.0153209,0.000308494
339,-0.000517055,-0.0153189,0.000308494
340,-0.000515055,-0.0153189,0.000308494
341,-0.000517055,-0.0153209,0.000310494
342,-0.000515055,-0.0153209,0.000310494
343,-0.000517055,-0.0153189,0.000310494
344,-0.000515055,-0.0153189,0.000310494
345,-0.000517055,-0.0153209,0.000310494
346,-0.000515055,-0.0153209,0.000310494
347,-0.000517055,-0.0153189,0.000310494
348,-0.000515055,-0.0153189,0.000310494
349,-0.000517055,-0.0153209,0.000312494
350,-0.000515055,-0.0153209,0.000312494
351,-0.000517055,-0.0153189,0.000312494
352,-0.000515055,-0.0153189,0.000312494
353,-0.000517055,-0.0153429,0.000312494
354,-0.000515055,-0.0153429,0.000312494
355,-0.000517055,-0.0153409,0.000312494
356,-0.000515055,-0.0153409,0.000312494
357,-0.000517055,-0.0153429,0.000314494
358,-0.000515055,-0.0153429,0.000314494
359,-0.000517055,-0.0153409,0.000314494
360,-0.000515055,-0.0153409,0.000314494
361,-0.000517055,-0.0153429,0.000316494
362,-0.000515055,-0.0153429,0.000316494
363,-0.000517055,-0.0153409,0.000316494
364,-0.000515055,-0.0153409,0.000316494
365,-0.000517055,-0.0153429,0.000318494
366,-0.000515055,-0.0153429,0.000318494
367,-0.000517055,-0.0153409,0.000318494
368,-0.000515055,-0.0153409,0.000318494
369,-0.000517055,-0.0153429,0.000318494
370,-0.000515055,-0.0153429,0.000318494
371,-0.000517055,-0.0153409,0.000318494
372,-0.000515055,-0.0153409,0.000318494
373,-0.000517055,-0.0153429,0.000320494
374,-0.000515055,-0.0153429,0.000320494
375,-0.000517055,-0.0153409,0.000320494
376,-0.000515055,-0.0153409,0.000320494
377,-0.000517055,-0.0153429,0.000298494
378,-0.000515055,-0.0153429,0.000298494
379,-0.000517055,-0.0153409,0.000298494
380,-0.000515055,-0.0153409,0.000298494
381,-0.000517055,-0.0153429,0.000300494
382,-0.000515055,-0.0153429,0.000300494
383,-0.000517055,-0.0153409,0.000300494
384,-0.000515055,-0.0153409,0.000300494
385,-0.000517055,-0.0153429,0.000300494
386,-0.000515055,-0.0153429,0.000300494
387,-0.000517055,-0.0153409,0.000300494
388,-0.000515055,-0.0153409,0.000300494
389,-0.000517055,-0.0153429,0.000302494
390,-0.000515055,-0.0153429,0.000302494
391,-0.000517055,-0.0153409,0.000302494
392,-0.000515055,-0.0153409,0.000302494
393,-0.000517055,-0.0153429,0.000302494
394,-0.000515055,-0.0153429,0.000302494
395,-0.000517055,-0.0153409,0.000302494
396,-0.000515055,-0.0153409,0.000302494
397,-0.000517055,-0.0153429,0.000304494
398,-0.000515055,-0.0153429,0.000304494
399,-0.000517055,-0.0153409,0.000304494
400,-0.000515055,-0.0153409,0.000304494
401,-0.000517055,-0.0153429,0.000304494
402,-0.000515055,-0.0153429,0.000304494
403,-0.000517055,-0.0153409,0.000304494
404,-0.000515055,-0.0153409,0.000304494
405,-0.000517055,-0.0153429,0.000306494
406,-0.000515055,-0.0153429,0.000306494
407,-0.000517055,-0.0153409,0.000306494
408,-0.000515055,-0.0153409,0.000306494
409,-0.000517055,-0.0153429,0.000306494
410,-0.000515055,-0.0153429,0.000306494
411,-0.000517055,-0.0153409,0.000306494
412,-0.000515055,-0.0153409,0.000306494
413,-0.000517055,-0.0153429,0.000308494
414,-0.000515055,-0.0153429,0.000308494
415,-0.000517055,-0.0153409,0.000308494
416,-0.000515055,-0.0153409,0.000308494
417,-0.000517055,-0.0153429,0.000308494
418,-0.000515055,-0.0153429,0.000308494
419,-0.000517055,-0.0153409,0.000308494
420,-0.000515055,-0.0153409,0.000308494
421,-0.000517055,-0.0153429,0.000310494
422,-0.000515055,-0.0153429,0.000310494
423,-0.000517055,-0.0153409,0.000310494
424,-0.000515055,-0.0153409,0.000310494
425,-0.000517055,-0.0153429,0.000310494
426,-0.000515055,-0.0153429,0.000310494
427,-0.000517055,-0.0153409,0.000310494
428,-0.000515055,-0.0153409,0.000310494
429,-0.000517055,-0.0153429,0.000312494
430,-0.000515055,-0.0153429,0.000312494
431,-0.000517055,-0.0153409,0.000312494
432,-0.000515055,-0.0153409,0.000312494
433,-0.000517055,-0.0153409,0.000312494
434,-0.000515055,-0.0153409,0.000312494
435,-0.000517055,-0.0153389,0.000312494
436,-0.000515055,-0.0153389,0.000312494
437,-0.000517055,-0.0153409,0.000314494
438,-0.000515055,-0.0153409,0.000314494
439,-0.000517055,-0.0153389,0.000314494
440,-0.000515055,-0.0153389,0.000314494
441,-0.000517055,-0.0153409,0.000314494
442,-0.000515055,-0.0153409,0.000314494
443,-0.000517055,-0.0153389,0.000314494
444,-0.000515055,-0.0153389,0.000314494
445,-0.000517055,-0.0153409,0.000316494
446,-0.000515055,-0.0153409,0.000316494
447,-0.000517055,-0.0153389,0.000316494
448,-0.000515055,-0.0153389,0.000316494
449,-0.000517055,-0.0153409,0.000316494
450,-0.000515055,-0.0153409,0.000316494
451,-0.000517055,-0.0153389,0.000316494
452,-0.000515055,-0.0153389,0.000316494
453,-0.000517055,-0.0153409,0.000318494
454,-0.000515055,-0.0153409,0.000318494
455,-0.000517055,-0.0153389,0.000318494
456,-0.000515055,-0.0153389,0.000318494
457,-0.000517055,-0.0153409,0.000318494
458,-0.000515055,-0.0153409,0.000318494
459,-0.000517055,-0.0153389,0.000318494
460,-0.000515055,-0.0153389,0.000318494
461,-0.000517055,-0.0153409,0.000320494
462,-0.000515055,-0.0153409,0.000320494
463,-0.000517055,-0.0153389,0.000320494
464,-0.000515055,-0.0153389,0.000320494
465,-0.000517055,-0.0153409,0.000320494
466,-0.000515055,-0.0153409,0.000320494
467,-0.000517055,-0.0153389,0.000320494
468,-0.000515055,-0.0153389,0.000320494
469,-0.000517055,-0.0153409,0.000322494
470,-0.000515055,-0.0153409,0.000322494
471,-0.000517055,-0.0153389,0.000322494
472,-0.000515055,-0.0153389,0.000322494
473,-0.000517055,-0.0153409,0.000296494
474,-0.000515055,-0.0153409,0.000296494
475,-0.000517055,-0.0153389,0.000296494
476,-0.000515055,-0.0153389,0.000296494
477,-0.000517055,-0.0153409,0.000298494
478,-0.000515055,-0.0153409,0.000298494
479,-0.000517055,-0.0153389,0.000298494
480,-0.000515055,-0.0153389,0.000298494
481,-0.000517055,-0.0153409,0.000298494
482,-0.000515055,-0.0153409,0.000298494
483,-0.000517055,-0.0153389,0.000298494
484,-0.000515055,-0.0153389,0.000298494
485,-0.000517055,-0.0153409,0.000300494
486,-0.000515055,-0.0153409,0.000300494
487,-0.000517055,-0.0153389,0.000300494
488,-0.000515055,-0.0153389,0.000300494
489,-0.000517055,-0.0153409,0.000300494
490,-0.000515055,-0.0153409,0.000300494
491,-0.000517055,-0.0153389,0.000300494
492,-0.000515055,-0.0153389,0.000300494
493,-0.000517055,-0.0153409,0.000302494
494,-0.000515055,-0.0153409,0.000302494
495,-0.000517055,-0.0153389,0.000302494
496,-0.000515055,-0.0153389,0.000302494
497,-0.000517055,-0.0153409,0.000302494
498,-0.000515055,-0.0153409,0.000302494
499,-0.000517055,-0.0153389,0.000302494
500,-0.000515055,-0.0153389,0.000302494
501,-0.000517055,-0.0153409,0.000304494
502,-0.000515055,-0.0153409,0.000304494
503,-0.000517055,-0.0153389,0.000304494
504,-0.000515055,-0.0153389,0.000304494
505,-0.000517055,-0.0153409,0.000310494
506,-0.000515055,-0.0153409,0.000310494
507,-0.000517055,-0.0153389,0.000310494
508,-0.000515055,-0.0153389,0.000310494
509,-0.000517055,-0.0153409,0.000312494
510,-0.000515055,-0.0153409,0.000312494
511,-0.000517055,-0.0153389,0.000312494
512,-0.000515055,-0.0153389,0.000312494
513,-0.000517055,-0.0153389,0.000294494
514,-0.000515055,-0.0153389,0.000294494
515,-0.000517055,-0.0153369,0.000294494
516,-0.000515055,-0.0153369,0.000294494
517,-0.000517055,-0.0153389,0.000296494
518,-0.000515055,-0.0153389,0.000296494
519,-0.000517055,-0.0153369,0.000296494
520,-0.000515055,-0.0153369,0.000296494
521,-0.000517055,-0.0153389,0.000320494
522,-0.000515055,-0.0153389,0.000320494
523,-0.000517055,-0.0153369,0.000320494
524,-0.000515055,-0.0153369,0.000320494
525,-0.000517055,-0.0153389,0.000322494
526,-0.000515055,-0.0153389,0.000322494
527,-0.000517055,-0.0153369,0.000322494
528,-0.000515055,-0.0153369,0.000322494
529,-0.000517055,-0.0153389,0.000322494
530,-0.000515055,-0.0153389,0.000322494
531,-0.000517055,-0.0153369,0.000322494
532,-0.000515055,-0.0153369,0.000322494
533,-0.000517055,-0.0153389,0.000324494
534,-0.000515055,-0.0153389,0.000324494
535,-0.000517055,-0.0153369,0.000324494
536,-0.000515055,-0.0153369,0.000324494
537,-0.000517055,-0.0153389,0.000296494
538,-0.000515055,-0.0153389,0.000296494
539,-0.000517055,-0.0153369,0.000296494
540,-0.000515055,-0.0153369,0.000296494
541,-0.000517055,-0.0153389,0.000298494
542,-0.000515055,-0.0153389,0.000298494
543,-0.000517055,-0.0153369,0.000298494
544,-0.000515055,-0.0153369,0.000298494
545,-0.000517055,-0.0153389,0.000300494
546,-0.000515055,-0.0153389,0.000300494
547,-0.000517055,-0.0153369,0.000300494
548,-0.000515055,-0.0153369,0.000300494
549,-0.000517055,-0.0153389,0.000302494
550,-0.000515055,-0.0153389,0.000302494
551,-0.000517055,-0.0153369,0.000302494
552,-0.000515055,-0.0153369,0.000302494
553,-0.000517055,-0.0153369,0.000294494
554,-0.000515055,-0.0153369,0.000294494
555,-0.000517055,-0.0153349,0.000294494
556,-0.000515055,-0.0153349,0.000294494
557,-0.000517055,-0.0153369,0.000296494
558,-0.000515055,-0.0153369,0.000296494
559,-0.000517055,-0.0153349,0.000296494
560,-0.000515055,-0.0153349,0.000296494
561,-0.000517055,-0.0153369,0.000322494
562,-0.000515055,-0.0153369,0.000322494
563,-0.000517055,-0.0153349,0.000322494
564,-0.000515055,-0.0153349,0.000322494
565,-0.000517055,-0.0153369,0.000324494
566,-0.000515055,-0.0153369,0.000324494
567,-0.000517055,-0.0153349,0.000324494
568,-0.000515055,-0.0153349,0.000324494
569,-0.000517055,-0.0153369,0.000324494
570,-0.000515055,-0.0153369,0.000324494
571,-0.000517055,-0.0153349,0.000324494
572,-0.000515055,-0.0153349,0.000324494
573,-0.000517055,-0.0153369,0.000326494
574,-0.000515055,-0.0153369,0.000326494
575,-0.000517055,-0.0153349,0.000326494
576,-0.000515055,-0.0153349,0.000326494
577,-0.000517055,-0.0153369,0.000296494
578,-0.000515055,-0.0153369,0.000296494
579,-0.000517055,-0.0153349,0.000296494
580,-0.000515055,-0.0153349,0.000296494
581,-0.000517055,-0.0153369,0.000298494
582,-0.000515055,-0.0153369,0.000298494
583,-0.000517055,-0.0153349,0.000298494
584,-0.000515055,-0.0153349,0.000298494
585,-0.000517055,-0.0153369,0.000298494
586,-0.000515055,-0.0153369,0.000298494
587,-0.000517055,-0.0153349,0.000298494
588,-0.000515055,-0.0153349,0.000298494
589,-0.000517055,-0.0153369,0.000300494
590,-0.000515055,-0.0153369,0.000300494
591,-0.000517055,-0.0153349,0.000300494
592,-0.000515055,-0.0153349,0.000300494
593,-0.000517055,-0.0153349,0.000322494
594,-0.000515055,-0.0153349,0.000322494
595,-0.000517055,-0.0153329,0.000322494
596,-0.000515055,-0.0153329,0.000322494
597,-0.000517055,-0.0153349,0.000324494
598,-0.000515055,-0.0153349,0.000324494
599,-0.000517055,-0.0153329,0.000324494
600,-0.000515055,-0.0153329,0.000324494
601,-0.000517055,-0.0153349,0.000324494
602,-0.000515055,-0.0153349,0.000324494
603,-0.000517055,-0.0153329,0.000324494
604,-0.000515055,-0.0153329,0.000324494
605,-0.000517055,-0.0153349,0.000326494
606,-0.000515055,-0.0153349,0.000326494
607,-0.000517055,-0.0153329,0.000326494
608,-0.000515055,-0.0153329,0.000326494
609,-0.000517055,-0.0153349,0.000296494
610,-0.000515055,-0.0153349,0.000296494
611,-0.000517055,-0.0153329,0.000296494
612,-0.000515055,-0.0153329,0.000296494
613,-0.000517055,-0.0153349,0.000298494
614,-0.000515055,-0.0153349,0.000298494
615,-0.000517055,-0.0153329,0.000298494
616,-0.000515055,-0.0153329,0.000298494
617,-0.000517055,-0.0153349,0.000298494
618,-0.000515055,-0.0153349,0.000298494
619,-0.000517055,-0.0153329,0.000298494
620,-0.000515055,-0.0153329,0.000298494
621,-0.000517055,-0.0153349,0.000300494
622,-0.000515055,-0.0153349,0.000300494
623,-0.000517055,-0.0153329,0.000300494
624,-0.000515055,-0.0153329,0.000300494
625,-0.000517055,-0.0153329,0.000324494
626,-0.000515055,-0.0153329,0.000324494
627,-0.000517055,-0.0153309,0.000324494
628,-0.000515055,-0.0153309,0.000324494
629,-0.000517055,-0.0153329,0.000326494
630,-0.000515055,-0.0153329,0.000326494
631,-0.000517055,-0.0153309,0.000326494
632,-0.000515055,-0.0153309,0.000326494
633,-0.000517055,-0.0153329,0.000296494
634,-0.000515055,-0.0153329,0.000296494
635,-0.000517055,-0.0153309,0.000296494
636,-0.000515055,-0.0153309,0.000296494
637,-0.000517055,-0.0153329,0.000298494
638,-0.000515055,-0.0153329,0.000298494
639,-0.000517055,-0.0153309,0.000298494
640,-0.000515055,-0.0153309,0.000298494
641,-0.000517055,-0.0153329,0.000298494
642,-0.000515055,-0.0153329,0.000298494
643,-0.000517055,-0.0153309,0.000298494
644,-0.000515055,-0.0153309,0.000298494
645,-0.000517055,-0.0153329,0.000300494
646,-0.000515055,-0.0153329,0.000300494
647,-0.000517055,-0.0153309,0.000300494
648,-0.000515055,-0.0153309,0.000300494
649,-0.000517055,-0.0153309,0.000322494
650,-0.000515055,-0.0153309,0.000322494
651,-0.000517055,-0.0153289,0.000322494
652,-0.000515055,-0.0153289,0.000322494
653,-0.000517055,-0.0153309,0.000324494
654,-0.000515055,-0.0153309,0.000324494
655,-0.000517055,-0.0153289,0.000324494
656,-0.000515055,-0.0153289,0.000324494
657,-0.000517055,-0.0153309,0.000324494
658,-0.000515055,-0.0153309,0.000324494
659,-0.000517055,-0.0153289,0.000324494
660,-0.000515055,-0.0153289,0.000324494
661,-0.000517055,-0.0153309,0.000326494
662,-0.000515055,-0.0153309,0.000326494
663,-0.000517055,-0.0153289,0.000326494
664,-0.000515055,-0.0153289,0.000326494
665,-0.000517055,-0.0153309,0.000296494
666,-0.000515055,-0.0153309,0.000296494
667,-0.000517055,-0.0153289,0.000296494
668,-0.000515055,-0.0153289,0.000296494
669,-0.000517055,-0.0153309,0.000298494
670,-0.000515055,-0.0153309,0.000298494
671,-0.000517055,-0.0153289,0.000298494
672,-0.000515055,-0.0153289,0.000298494
673,-0.000517055,-0.0153309,0.000298494
674,-0.000515055,-0.0153309,0.000298494
675,-0.000517055,-0.0153289,0.000298494
676,-0.000515055,-0.0153289,0.000298494
677,-0.000517055,-0.0153309,0.000300494
678,-0.000515055,-0.0153309,0.000300494
679,-0.000517055,-0.0153289,0.000300494
680,-0.000515055,-0.0153289,0.000300494
681,-0.000517055,-0.0153309,0.000300494
682,-0.000515055,-0.0153309,0.000300494
683,-0.000517055,-0.0153289,0.000300494
684,-0.000515055,-0.0153289,0.000300494
685,-0.000517055,-0.0153309,0.000302494
686,-0.000515055,-0.0153309,0.000302494
687,-0.000517055,-0.0153289,0.000302494
688,-0.000515055,-0.0153289,0.000302494
689,-0.000517055,-0.0153309,0.000302494
690,-0.000515055,-0.0153309,0.000302494
691,-0.000517055,-0.0153289,0.000302494
692,-0.000515055,-0.0153289,0.000302494
693,-0.000517055,-0.0153309,0.000304494
694,-0.000515055,-0.0153309,0.000304494
695,-0.000517055,-0.0153289,0.000304494
696,-0.000515055,-0.0153289,0.000304494
697,-0.000517055,-0.0153289,0.000322494
698,-0.000515055,-0.0153289,0.000322494
699,-0.000517055,-0.0153269,0.000322494
700,-0.000515055,-0.0153269,0.000322494
701,-0.000517055,-0.0153289,0.000324494
702,-0.000515055,-0.0153289,0.000324494
703,-0.000517055,-0.0153269,0.000324494
704,-0.000515055,-0.0153269,0.000324494
705,-0.000517055,-0.0153289,0.000324494
706,-0.000515055,-0.0153289,0.000324494
707,-0.000517055,-0.0153269,0.000324494
708,-0.000515055,-0.0153269,0.000324494
709,-0.000517055,-0.0153289,0.000326494
710,-0.000515055,-0.0153289,0.000326494
711,-0.000517055,-0.0153269,0.000326494
712,-0.000515055,-0.0153269,0.000326494
713,-0.000517055,-0.0153289,0.000296494
714,-0.000515055,-0.0153289,0.000296494
715,-0.000517055,-0.0153269,0.000296494
716,-0.000515055,-0.0153269,0.000296494
717,-0.000517055,-0.0153289,0.000298494
718,-0.000515055,-0.0153289,0.000298494
719,-0.000517055,-0.0153269,0.000298494
720,-0.000515055,-0.0153269,0.000298494
721,-0.000517055,-0.0153289,0.000298494
722,-0.000515055,-0.0153289,0.000298494
723,-0.000517055,-0.0153269,0.000298494
724,-0.000515055,-0.0153269,0.000298494
725,-0.000517055,-0.0153289,0.000300494
726,-0.000515055,-0.0153289,0.000300494
727,-0.000517055,-0.0153269,0.000300494
728,-0.000515055,-0.0153269,0.000300494
729,-0.000517055,-0.0153289,0.000300494
730,-0.000515055,-0.0153289,0.000300494
731,-0.000517055,-0.0153269,0.000300494
732,-0.000515055,-0.0153269,0.000300494
733,-0.000517055,-0.0153289,0.000302494
734,-0.000515055,-0.0153289,0.000302494
735,-0.000517055,-0.0153269,0.000302494
736,-0.000515055,-0.0153269,0.000302494
737,-0.000515055,-0.0153269,0.000318494
738,-0.000513055,-0.0153269,0.000318494
739,-0.000515055,-0.0153249,0.000318494
740,-0.000513055,-0.0153249,0.000318494
741,-0.000515055,-0.0153269,0.000320494
742,-0.000513055,-0.0153269,0.000320494
743,-0.000515055,-0.0153249,0.000320494
744,-0.000513055,-0.0153249,0.000320494
745,-0.000515055,-0.0153269,0.000320494
746,-0.000513055,-0.0153269,0.000320494
747,-0.000515055,-0.0153249,0.000320494
748,-0.000513055,-0.0153249,0.000320494
749,-0.000515055,-0.0153269,0.000322494
750,-0.000513055,-0.0153269,0.000322494
751,-0.000515055,-0.0153249,0.000322494
752,-0.000513055,-0.0153249,0.000322494
753,-0.000515055,-0.0153269,0.000322494
754,-0.000513055,-0.0153269,0.000322494
755,-0.000515055,-0.0153249,0.000322494
756,-0.000513055,-0.0153249,0.000322494
757,-0.000515055,-0.0153269,0.000324494
758,-0.000513055,-0.0153269,0.000324494
759,-0.000515055,-0.0153249,0.000324494
760,-0.000513055,-0.0153249,0.000324494
761,-0.000515055,-0.0153269,0.000300494
762,-0.000513055,-0.0153269,0.000300494
763,-0.000515055,-0.0153249,0.000300494
764,-0.000513055,-0.0153249,0.000300494
765,-0.000515055,-0.0153269,0.000302494
766,-0.000513055,-0.0153269,0.000302494
767,-0.000515055,-0.0153249,0.000302494
768,-0.000513055,-0.0153249,0.000302494
769,-0.000515055,-0.0153269,0.000302494
770,-0.000513055,-0.0153269,0.000302494
771,-0.000515055,-0.0153249,0.000302494
772,-0.000513055,-0.0153249,0.000302494
773,-0.000515055,-0.0153269,0.000304494
774,-0.000513055,-0.0153269,0.000304494
775,-0.000515055,-0.0153249,0.000304494
776,-0.000513055,-0.0153249,0.000304494
777,-0.000515055,-0.0153269,0.000304494
778,-0.000513055,-0.0153269,0.000304494
779,-0.000515055,-0.0153249,0.000304494
780,-0.000513055,-0.0153249,0.000304494
781,-0.000515055,-0.0153269,0.000306494
782,-0.000513055,-0.0153269,0.000306494
783,-0.000515055,-0.0153249,0.000306494
784,-0.000513055,-0.0153249,0.000306494
785,-0.000515055,-0.0153269,0.000306494
786,-0.000513055,-0.0153269,0.000306494
787,-0.000515055,-0.0153249,0.000306494
788,-0.000513055,-0.0153249,0.000306494
789,-0.000515055,-0.0153269,0.000308494
790,-0.000513055,-0.0153269,0.000308494
791,-0.000515055,-0.0153249,0.000308494
792,-0.000513055,-0.0153249,0.000308494
793,-0.000515055,-0.0153269,0.000308494
794,-0.000513055,-0.0153269,0.000308494
795,-0.000515055,-0.0153249,0.000308494
796,-0.000513055,-0.0153249,0.000308494
797,-0.000515055,-0.0153269,0.000310494
798,-0.000513055,-0.0153269,0.000310494
799,-0.000515055,-0.0153249,0.000310494
800,-0.000513055,-0.0153249,0.000310494
801,-0.000515055,-0.0153249,0.000312494
802,-0.000513055,-0.0153249,0.000312494
803,-0.000515055,-0.0153229,0.000312494
804,-0.000513055,-0.0153229,0.000312494
805,-0.000515055,-0.0153249,0.000314494
806,-0.000513055,-0.0153249,0.000314494
807,-0.000515055,-0.0153229,0.000314494
808,-0.000513055,-0.0153229,0.000314494
809,-0.000515055,-0.0153249,0.000314494
810,-0.000513055,-0.0153249,0.000314494
811,-0.000515055,-0.0153229,0.000314494
812,-0.000513055,-0.0153229,0.000314494
813,-0.000515055,-0.0153249,0.000316494
814,-0.000513055,-0.0153249,0.000316494
815,-0.000515055,-0.0153229,0.000316494
816,-0.000513055,-0.0153229,0.000316494
817,-0.000515055,-0.0153249,0.000316494
818,-0.000513055,-0.0153249,0.000316494
819,-0.000515055,-0.0153229,0.000316494
820,-0.000513055,-0.0153229,0.000316494
821,-0.000515055,-0.0153249,0.000318494
822,-0.000513055,-0.0153249,0.000318494
823,-0.000515055,-0.0153229,0.000318494
824,-0.000513055,-0.0153229,0.000318494
825,-0.000515055,-0.0153249,0.000318494
826,-0.000513055,-0.0153249,0.000318494
827,-0.000515055,-0.0153229,0.000318494
828,-0.000513055,-0.0153229,0.000318494
829,-0.000515055,-0.0153249,0.000320494
830,-0.000513055,-0.0153249,0.000320494
831,-0.000515055,-0.0153229,0.000320494
832,-0.000513055,-0.0153229,0.000320494
833,-0.000515055,-0.0153249,0.000320494
834,-0.000513055,-0.0153249,0.000320494
835,-0.000515055,-0.0153229,0.000320494
836,-0.000513055,-0.0153229,0.000320494
837,-0.000515055,-0.0153249,0.000322494
838,-0.000513055,-0.0153249,0.000322494
839,-0.000515055,-0.0153229,0.000322494
840,-0.000513055,-0.0153229,0.000322494
841,-0.000515055,-0.0153249,0.000302494
842,-0.000513055,-0.0153249,0.000302494
843,-0.000515055,-0.0153229,0.000302494
844,-0.000513055,-0.0153229,0.000302494
845,-0.000515055,-0.0153249,0.000304494
846,-0.000513055,-0.0153249,0.000304494
847,-0.000515055,-0.0153229,0.000304494
848,-0.000513055,-0.0153229,0.000304494
849,-0.000515055,-0.0153249,0.000304494
850,-0.000513055,-0.0153249,0.000304494
851,-0.000515055,-0.0153229,0.000304494
852,-0.000513055,-0.0153229,0.000304494
853,-0.000515055,-0.0153249,0.000306494
854,-0.000513055,-0.0153249,0.000306494
855,-0.000515055,-0.0153229,0.000306494
856,-0.000513055,-0.0153229,0.000306494
857,-0.000515055,-0.0153249,0.000306494
858,-0.000513055,-0.0153249,0.000306494
859,-0.000515055,-0.0153229,0.000306494
860,-0.000513055,-0.0153229,0.000306494
861,-0.000515055,-0.0153249,0.000308494
862,-0.000513055,-0.0153249,0.000308494
863,-0.000515055,-0.0153229,0.000308494
864,-0.000513055,-0.0153229,0.000308494
865,-0.000515055,-0.0153249,0.000308494
866,-0.000513055,-0.0153249,0.000308494
867,-0.000515055,-0.0153229,0.000308494
868,-0.000513055,-0.0153229,0.000308494
869,-0.000515055,-0.0153249,0.000310494
870,-0.000513055,-0.0153249,0.000310494
871,-0.000515055,-0.0153229,0.000310494
872,-0.000513055,-0.0153229,0.000310494
873,-0.000515055,-0.0153249,0.000310494
874,-0.000513055,-0.0153249,0.000310494
875,-0.000515055,-0.0153229,0.000310494
876,-0.000513055,-0.0153229,0.000310494
877,-0.000515055,-0.0153249,0.000312494
878,-0.000513055,-0.0153249,0.000312494
879,-0.000515055,-0.0153229,0.000312494
880,-0.000513055,-0.0153229,0.000312494
881,-0.000515055,-0.0153229,0.000312494
882,-0.000513055,-0.0153229,0.000312494
883,-0.000515055,-0.0153209,0.000312494
884,-0.000513055,-0.0153209,0.000312494
885,-0.000515055,-0.0153229,0.000314494
886,-0.000513055,-0.0153229,0.000314494
887,-0.000515055,-0.0153209,0.000314494
888,-0.000513055,-0.0153209,0.000314494
889,-0.000515055,-0.0153229,0.000314494
890,-0.000513055,-0.0153229,0.000314494
891,-0.000515055,-0.0153209,0.000314494
892,-0.000513055,-0.0153209,0.000314494
893,-0.000515055,-0.0153229,0.000316494
894,-0.000513055,-0.0153229,0.000316494
895,-0.000515055,-0.0153209,0.000316494
896,-0.000513055,-0.0153209,0.000316494
897,-0.000515055,-0.0153229,0.000316494
898,-0.000513055,-0.0153229,0.000316494
899,-0.000515055,-0.0153209,0.000316494
900,-0.000513055,-0.0153209,0.000316494
901,-0.000515055,-0.0153229,0.000318494
902,-0.000513055,-0.0153229,0.000318494
903,-0.000515055,-0.0153209,0.000318494
904,-0.000513055,-0.0153209,0.000318494
905,-0.000515055,-0.0153229,0.000304494
906,-0.000513055,-0.0153229,0.000304494
907,-0.000515055,-0.0153209,0.000304494
908,-0.000513055,-0.0153209,0.000304494
909,-0.000515055,-0.0153229,0.000306494
910,-0.000513055,-0.0153229,0.000306494
911,-0.000515055,-0.0153209,0.000306494
912,-0.000513055,-0.0153209,0.000306494
913,-0.000515055,-0.0153229,0.000306494
914,-0.000513055,-0.0153229,0.000306494
915,-0.000515055,-0.0153209,0.000306494
916,-0.000513055,-0.0153209,0.000306494
917,-0.000515055,-0.0153229,0.000308494
918,-0.000513055,-0.0153229,0.000308494
919,-0.000515055,-0.0153209,0.000308494
920,-0.000513055,-0.0153209,0.000308494
921,-0.000515055,-0.0153229,0.000308494
922,-0.000513055,-0.0153229,0.000308494
923,-0.000515055,-0.0153209,0.000308494
924,-0.000513055,-0.0153209,0.000308494
925,-0.000515055,-0.0153229,0.000310494
926,-0.000513055,-0.0153229,0.000310494
927,-0.000515055,-0.0153209,0.000310494
928,-0.000513055,-0.0153209,0.000310494
929,-0.000515055,-0.0153229,0.000310494
930,-0.000513055,-0.0153229,0.000310494
931,-0.000515055,-0.0153209,0.000310494
932,-0.000513055,-0.0153209,0.000310494
933,-0.000515055,-0.0153229,0.000312494
934,-0.000513055,-0.0153229,0.000312494
935,-0.000515055,-0.0153209,0.000312494
936,-0.000513055,-0.0153209,0.000312494
937,-0.000515055,-0.0153429,0.000316494
938,-0.000513055,-0.0153429,0.000316494
939,-0.000515055,-0.0153409,0.000316494
940,-0.000513055,-0.0153409,0.000316494
941,-0.000515055,-0.0153429,0.000318494
942,-0.000513055,-0.0153429,0.000318494
943,-0.000515055,-0.0153409,0.000318494
944,-0.000513055,-0.0153409,0.000318494
945,-0.000515055,-0.0153429,0.000318494
946,-0.000513055,-0.0153429,0.000318494
947,-0.000515055,-0.0153409,0.000318494
948,-0.000513055,-0.0153409,0.000318494
949,-0.000515055,-0.0153429,0.000320494
950,-0.000513055,-0.0153429,0.000320494
951,-0.000515055,-0.0153409,0.000320494
952,-0.000513055,-0.0153409,0.000320494
953,-0.000515055,-0.0153429,0.000302494
954,-0.000513055,-0.0153429,0.000302494
955,-0.000515055,-0.0153409,0.000302494
956,-0.000513055,-0.0153409,0.000302494
957,-0.000515055,-0.0153429,0.000304494
958,-0.000513055,-0.0153429,0.000304494
959,-0.000515055,-0.0153409,0.000304494
960,-0.000513055,-0.0153409,0.000304494
961,-0.000515055,-0.0153429,0.000304494
962,-0.000513055,-0.0153429,0.000304494
963,-0.000515055,-0.0153409,0.000304494
964,-0.000513055,-0.0153409,0.000304494
965,-0.000515055,-0.0153429,0.000306494
966,-0.000513055,-0.0153429,0.000306494
967,-0.000515055,-0.0153409,0.000306494
968,-0.000513055,-0.0153409,0.000306494
969,-0.000515055,-0.0153429,0.000306494
970,-0.000513055,-0.0153429,0.000306494
971,-0.000515055,-0.0153409,0.000306494
972,-0.000513055,-0.0153409,0.000306494
973,-0.000515055,-0.0153429,0.000308494
974,-0.000513055,-0.0153429,0.000308494
975,-0.000515055,-0.0153409,0.000308494
976,-0.000513055,-0.0153409,0.000308494
977,-0.000515055,-0.0153429,0.000308494
978,-0.000513055,-0.0153429,0.000308494
979,-0.000515055,-0.0153409,0.000308494
980,-0.000513055,-0.0153409,0.000308494
981,-0.000515055,-0.0153429,0.000310494
982,-0.000513055,-0.0153429,0.000310494
983,-0.000515055,-0.0153409,0.000310494
984,-0.000513055,-0.0153409,0.000310494
985,-0.000515055,-0.0153429,0.000310494
986,-0.000513055,-0.0153429,0.000310494
987,-0.000515055,-0.0153409,0.000310494
988,-0.000513055,-0.0153409,0.000310494
989,-0.000515055,-0.0153429,0.000312494
990,-0.000513055,-0.0153429,0.000312494
991,-0.000515055,-0.0153409,0.000312494
992,-0.000513055,-0.0153409,0.000312494
993,-0.000515055,-0.0153409,0.000312494
994,-0.000513055,-0.0153409,0.000312494
995,-0.000515055,-0.0153389,0.000312494
996,-0.000513055,-0.0153389,0.000312494
997,-0.000515055,-0.0153409,0.000314494
998,-0.000513055,-0.0153409,0.000314494
999,-0.000515055,-0.0153389,0.000314494
1000,-0.000513055,-0.0153389,0.000314494
1001,-0.000515055,-0.0153409,0.000314494
1002,-0.000513055,-0.0153409,0.000314494
1003,-0.000515055,-0.0153389,0.000314494
1004,-0.000513055,-0.0153389,0.000314494
1005,-0.000515055,-0.0153409,0.000316494
1006,-0.000513055,-0.0153409,0.000316494
1007,-0.000515055,-0.0153389,0.000316494
1008,-0.000513055,-0.0153389,0.000316494
1009,-0.000515055,-0.0153409,0.000316494
1010,-0.000513055,-0.0153409,0.000316494
1011,-0.000515055,-0.0153389,0.000316494
1012,-0.000513055,-0.0153389,0.000316494
1013,-0.000515055,-0.0153409,0.000318494
1014,-0.000513055,-0.0153409,0.000318494
1015,-0.000515055,-0.0153389,0.000318494
1016,-0.000513055,-0.0153389,0.000318494
1017,-0.000515055,-0.0153409,0.000318494
1018,-0.000513055,-0.0153409,0.000318494
1019,-0.000515055,-0.0153389,0.000318494
1020,-0.000513055,-0.0153389,0.000318494
1021,-0.000515055,-0.0153409,0.000320494
1022,-0.000513055,-0.0153409,0.000320494
1023,-0.000515055,-0.0153389,0.000320494
1024,-0.000513055,-0.0153389,0.000320494
1025,-0.000515055,-0.0153409,0.000320494
1026,-0.000513055,-0.0153409,0.000320494
1027,-0.000515055,-0.0153389,0.000320494
1028,-0.000513055,-0.0153389,0.000320494
1029,-0.000515055,-0.0153409,0.000322494
1030,-0.000513055,-0.0153409,0.000322494
1031,-0.000515055,-0.0153389,0.000322494
1032,-0.000513055,-0.0153389,0.000322494
1033,-0.000515055,-0.0153409,0.000296494
1034,-0.000513055,-0.0153409,0.000296494
1035,-0.000515055,-0.0153389,0.000296494
1036,-0.000513055,-0.0153389,0.000296494
1037,-0.000515055,-0.0153409,0.000298494
1038,-0.000513055,-0.0153409,0.000298494
1039,-0.000515055,-0.0153389,0.000298494
1040,-0.000513055,-0.0153389,0.000298494
1041,-0.000515055,-0.0153409,0.000298494
1042,-0.000513055,-0.0153409,0.000298494
1043,-0.000515055,-0.0153389,0.000298494
1044,-0.000513055,-0.0153389,0.000298494
1045,-0.000515055,-0.0153409,0.000300494
1046,-0.000513055,-0.0153409,0.000300494
1047,-0.000515055,-0.0153389,0.000300494
1048,-0.000513055,-0.0153389,0.000300494
1049,-0.000515055,-0.0153409,0.000300494
1050,-0.000513055,-0.0153409,0.000300494
1051,-0.000515055,-0.0153389,0.000300494
1052,-0.000513055,-0.0153389,0.000300494
1053,-0.000515055,-0.0153409,0.000302494
1054,-0.000513055,-0.0153409,0.000302494
1055,-0.000515055,-0.0153389,0.000302494
1056,-0.000513055,-0.0153389,0.000302494
1057,-0.000515055,-0.0153409,0.000302494
1058,-0.000513055,-0.0153409,0.000302494
1059,-0.000515055,-0.0153389,0.000302494
1060,-0.000513055,-0.0153389,0.000302494
1061,-0.000515055,-0.0153409,0.000304494
1062,-0.000513055,-0.0153409,0.000304494
1063,-0.000515055,-0.0153389,0.000304494
1064,-0.000513055,-0.0153389,0.000304494
1065,-0.000515055,-0.0153409,0.000304494
1066,-0.000513055,-0.0153409,0.000304494
1067,-0.000515055,-0.0153389,0.000304494
1068,-0.000513055,-0.0153389,0.000304494
1069,-0.000515055,-0.0153409,0.000306494
1070,-0.000513055,-0.0153409,0.000306494
1071,-0.000515055,-0.0153389,0.000306494
1072,-0.000513055,-0.0153389,0.000306494
1073,-0.000515055,-0.0153409,0.000306494
1074,-0.000513055,-0.0153409,0.000306494
1075,-0.000515055,-0.0153389,0.000306494
1076,-0.000513055,-0.0153389,0.000306494
1077,-0.000515055,-0.0153409,0.000308494
1078,-0.000513055,-0.0153409,0.000308494
1079,-0.000515055,-0.0153389,0.000308494
1080,-0.000513055,-0.0153389,0.000308494
1081,-0.000515055,-0.0153409,0.000310494
1082,-0.000513055,-0.0153409,0.000310494
1083,-0.000515055,-0.0153389,0.000310494
1084,-0.000513055,-0.0153389,0.000310494
1085,-0.000515055,-0.0153409,0.000312494
1086,-0.000513055,-0.0153409,0.000312494
1087,-0.000515055,-0.0153389,0.000312494
1088,-0.000513055,-0.0153389,0.000312494
1089,-0.000515055,-0.0153389,0.000318494
1090,-0.000513055,-0.0153389,0.000318494
1091,-0.000515055,-0.0153369,0.000318494
1092,-0.000513055,-0.0153369,0.000318494
1093,-0.000515055,-0.0153389,0.000320494
1094,-0.000513055,-0.0153389,0.000320494
1095,-0.000515055,-0.0153369,0.000320494
1096,-0.000513055,-0.0153369,0.000320494
1097,-0.000515055,-0.0153389,0.000320494
1098,-0.000513055,-0.0153389,0.000320494
1099,-0.000515055,-0.0153369,0.000320494
1100,-0.000513055,-0.0153369,0.000320494
1101,-0.000515055,-0.0153389,0.000322494
1102,-0.000513055,-0.0153389,0.000322494
1103,-0.000515055,-0.0153369,0.000322494
1104,-0.000513055,-0.0153369,0.000322494
1105,-0.000515055,-0.0153389,0.000322494
1106,-0.000513055,-0.0153389,0.000322494
1107,-0.000515055,-0.0153369,0.000322494
1108,-0.000513055,-0.0153369,0.000322494
1109,-0.000515055,-0.0153389,0.000324494
1110,-0.000513055,-0.0153389,0.000324494
1111,-0.000515055,-0.0153369,0.000324494
1112,-0.000513055,-0.0153369,0.000324494
1113,-0.000515055,-0.0153389,0.000296494
1114,-0.000513055,-0.0153389,0.000296494
1115,-0.000515055,-0.0153369,0.000296494
1116,-0.000513055,-0.0153369,0.000296494
1117,-0.000515055,-0.0153389,0.000298494
1118,-0.000513055,-0.0153389,0.000298494
1119,-0.000515055,-0.0153369,0.000298494
1120,-0.000513055,-0.0153369,0.000298494
1121,-0.000515055,-0.0153389,0.000298494
1122,-0.000513055,-0.0153389,0.000298494
1123,-0.000515055,-0.0153369,0.000298494
1124,-0.000513055,-0.0153369,0.000298494
1125,-0.000515055,-0.0153389,0.000300494
1126,-0.000513055,-0.0153389,0.000300494
1127,-0.000515055,-0.0153369,0.000300494
1128,-0.000513055,-0.0153369,0.000300494
1129,-0.000515055,-0.0153389,0.000300494
1130,-0.000513055,-0.0153389,0.000300494
1131,-0.000515055,-0.0153369,0.000300494
1132,-0.000513055,-0.0153369,0.000300494
1133,-0.000515055,-0.0153389,0.000302494
1134,-0.000513055,-0.0153389,0.000302494
1135,-0.000515055,-0.0153369,0.000302494
1136,-0.000513055,-0.0153369,0.000302494
1137,-0.000515055,-0.0153369,0.000320494
1138,-0.000513055,-0.0153369,0.000320494
1139,-0.000515055,-0.0153349,0.000320494
1140,-0.000513055,-0.0153349,0.000320494
1141,-0.000515055,-0.0153369,0.000322494
1142,-0.000513055,-0.0153369,0.000322494
1143,-0.000515055,-0.0153349,0.000322494
1144,-0.000513055,-0.0153349,0.000322494
1145,-0.000515055,-0.0153369,0.000322494
1146,-0.000513055,-0.0153369,0.000322494
1147,-0.000515055,-0.0153349,0.000322494
1148,-0.000513055,-0.0153349,0.000322494
1149,-0.000515055,-0.0153369,0.000324494
1150,-0.000513055,-0.0153369,0.000324494
1151,-0.000515055,-0.0153349,0.000324494
1152,-0.000513055,-0.0153349,0.000324494
1153,-0.000515055,-0.0153369,0.000296494
1154,-0.000513055,-0.0153369,0.000296494
1155,-0.000515055,-0.0153349,0.000296494
1156,-0.000513055,-0.0153349,0.000296494
1157,-0.000515055,-0.0153369,0.000298494
1158,-0.000513055,-0.0153369,0.000298494
1159,-0.000515055,-0.0153349,0.000298494
1160,-0.000513055,-0.0153349,0.000298494
1161,-0.000515055,-0.0153369,0.000298494
1162,-0.000513055,-0.0153369,0.000298494
1163,-0.000515055,-0.0153349,0.000298494
1164,-0.000513055,-0.0153349,0.000298494
1165,-0.000515055,-0.0153369,0.000300494
1166,-0.000513055,-0.0153369,0.000300494
1167,-0.000515055,-0.0153349,0.000300494
1168,-0.000513055,-0.0153349,0.000300494
1169,-0.000515055,-0.0153369,0.000300494
1170,-0.000513055,-0.0153369,0.000300494
1171,-0.000515055,-0.0153349,0.000300494
1172,-0.000513055,-0.0153349,0.000300494
1173,-0.000515055,-0.0153369,0.000302494
1174,-0.000513055,-0.0153369,0.000302494
1175,-0.000515055,-0.0153349,0.000302494
1176,-0.000513055,-0.0153349,0.000302494
1177,-0.000515055,-0.0153349,0.000322494
1178,-0.000513055,-0.0153349,0.000322494
1179,-0.000515055,-0.0153329,0.000322494
1180,-0.000513055,-0.0153329,0.000322494
1181,-0.000515055,-0.0153349,0.000324494
1182,-0.000513055,-0.0153349,0.000324494
1183,-0.000515055,-0.0153329,0.000324494
1184,-0.000513055,-0.0153329,0.000324494
1185,-0.000515055,-0.0153349,0.000324494
1186,-0.000513055,-0.0153349,0.000324494
1187,-0.000515055,-0.0153329,0.000324494
1188,-0.000513055,-0.0153329,0.000324494
1189,-0.000515055,-0.0153349,0.000326494
1190,-0.000513055,-0.0153349,0.000326494
1191,-0.000515055,-0.0153329,0.000326494
1192,-0.000513055,-0.0153329,0.000326494
1193,-0.000515055,-0.0153349,0.000296494
1194,-0.000513055,-0.0153349,0.000296494
1195,-0.000515055,-0.0153329,0.000296494
1196,-0.000513055,-0.0153329,0.000296494
1197,-0.000515055,-0.0153349,0.000298494
1198,-0.000513055,-0.0153349,0.000298494
1199,-0.000515055,-0.0153329,0.000298494
1200,-0.000513055,-0.0153329,0.000298494
1201,-0.000515055,-0.0153349,0.000298494
1202,-0.000513055,-0.0153349,0.000298494
1203,-0.000515055,-0.0153329,0.000298494
1204,-0.000513055,-0.0153329,0.000298494
1205,-0.000515055,-0.0153349,0.000300494
1206,-0.000513055,-0.0153349,0.000300494
1207,-0.000515055,-0.0153329,0.000300494
1208,-0.000513055,-0.0153329,0.000300494
1209,-0.000515055,-0.0153349,0.000300494
1210,-0.000513055,-0.0153349,0.000300494
1211,-0.000515055,-0.0153329,0.000300494
1212,-0.000513055,-0.0153329,0.000300494
1213,-0.000515055,-0.0153349,0.000302494
1214,-0.000513055,-0.0153349,0.000302494
1215,-0.000515055,-0.0153329,0.000302494
1216,-0.000513055,-0.0153329,0.000302494
1217,-0.000515055,-0.0153329,0.000322494
1218,-0.000513055,-0.0153329,0.000322494
1219,-0.000515055,-0.0153309,0.000322494
1220,-0.000513055,-0.0153309,0.000322494
1221,-0.000515055,-0.0153329,0.000324494
1222,-0.000513055,-0.0153329,0.000324494
1223,-0.000515055,-0.0153309,0.000324494
1224,-0.000513055,-0.0153309,0.000324494
1225,-0.000515055,-0.0153329,0.000324494
1226,-0.000513055,-0.0153329,0.000324494
1227,-0.000515055,-0.0153309,0.000324494
1228,-0.000513055,-0.0153309,0.000324494
1229,-0.000515055,-0.0153329,0.000326494
1230,-0.000513055,-0.0153329,0.000326494
1231,-0.000515055,-0.0153309,0.000326494
1232,-0.000513055,-0.0153309,0.000326494
1233,-0.000515055,-0.0153329,0.000296494
1234,-0.000513055,-0.0153329,0.000296494
1235,-0.000515055,-0.0153309,0.000296494
1236,-0.000513055,-0.0153309,0.000296494
1237,-0.000515055,-0.0153329,0.000298494
1238,-0.000513055,-0.0153329,0.000298494
1239,-0.000515055,-0.0153309,0.000298494
1240,-0.000513055,-0.0153309,0.000298494
1241,-0.000515055,-0.0153329,0.000298494
1242,-0.000513055,-0.0153329,0.000298494
1243,-0.000515055,-0.0153309,0.000298494
1244,-0.000513055,-0.0153309,0.000298494
1245,-0.000515055,-0.0153329,0.000300494
1246,-0.000513055,-0.0153329,0.000300494
1247,-0.000515055,-0.0153309,0.000300494
1248,-0.000513055,-0.0153309,0.000300494
1249,-0.000515055,-0.0153329,0.000300494
1250,-0.000513055,-0.0153329,0.000300494
1251,-0.000515055,-0.0153309,0.000300494
1252,-0.000513055,-0.0153309,0.000300494
1253,-0.000515055,-0.0153329,0.000302494
1254,-0.000513055,-0.0153329,0.000302494
1255,-0.000515055,-0.0153309,0.000302494
1256,-0.000513055,-0.0153309,0.000302494
1257,-0.000515055,-0.0153309,0.000322494
1258,-0.000513055,-0.0153309,0.000322494
1259,-0.000515055,-0.0153289,0.000322494
1260,-0.000513055,-0.0153289,0.000322494
1261,-0.000515055,-0.0153309,0.000324494
1262,-0.000513055,-0.0153309,0.000324494
1263,-0.000515055,-0.0153289,0.000324494
1264,-0.000513055,-0.0153289,0.000324494
1265,-0.000515055,-0.0153309,0.000324494
1266,-0.000513055,-0.0153309,0.000324494
1267,-0.000515055,-0.0153289,0.000324494
1268,-0.000513055,-0.0153289,0.000324494
1269,-0.000515055,-0.0153309,0.000326494
1270,-0.000513055,-0.0153309,0.000326494
1271,-0.000515055,-0.0153289,0.000326494
1272,-0.000513055,-0.0153289,0.000326494
1273,-0.000515055,-0.0153309,0.000296494
1274,-0.000513055,-0.0153309,0.000296494
1275,-0.000515055,-0.0153289,0.000296494
1276,-0.000513055,-0.0153289,0.000296494
1277,-0.000515055,-0.0153309,0.000298494
1278,-0.000513055,-0.0153309,0.000298494
1279,-0.000515055,-0.0153289,0.000298494
1280,-0.000513055,-0.0153289,0.000298494
1281,-0.000515055,-0.0153309,0.000298494
1282,-0.000513055,-0.0153309,0.000298494
1283,-0.000515055,-0.0153289,0.000298494
1284,-0.000513055,-0.0153289,0.000298494
1285,-0.000515055,-0.0153309,0.000300494
1286,-0.000513055,-0.0153309,0.000300494
1287,-0.000515055,-0.0153289,0.000300494
1288,-0.000513055,-0.0153289,0.000300494
1289,-0.000515055,-0.0153309,0.000300494
1290,-0.000513055,-0.0153309,0.000300494
1291,-0.000515055,-0.0153289,0.000300494
1292,-0.000513055,-0.0153289,0.000300494
1293,-0.000515055,-0.0153309,0.000302494
1294,-0.000513055,-0.0153309,0.000302494
1295,-0.000515055,-0.0153289,0.000302494
1296,-0.000513055,-0.0153289,0.000302494
1297,-0.000515055,-0.0153309,0.000302494
1298,-0.000513055,-0.0153309,0.000302494
1299,-0.000515055,-0.0153289,0.000302494
1300,-0.000513055,-0.0153289,0.000302494
1301,-0.000515055,-0.0153309,0.000304494
1302,-0.000513055,-0.0153309,0.000304494
1303,-0.000515055,-0.0153289,0.000304494
1304,-0.000513055,-0.0153289,0.000304494
1305,-0.000515055,-0.0153289,0.000320494
1306,-0.000513055,-0.0153289,0.000320494
1307,-0.000515055,-0.0153269,0.000320494
1308,-0.000513055,-0.0153269,0.000320494
1309,-0.000515055,-0.0153289,0.000322494
1310,-0.000513055,-0.0153289,0.000322494
1311,-0.000515055,-0.0153269,0.000322494
1312,-0.000513055,-0.0153269,0.000322494
1313,-0.000515055,-0.0153289,0.000322494
1314,-0.000513055,-0.0153289,0.000322494
1315,-0.000515055,-0.0153269,0.000322494
1316,-0.000513055,-0.0153269,0.000322494
1317,-0.000515055,-0.0153289,0.000324494
1318,-0.000513055,-0.0153289,0.000324494
1319,-0.000515055,-0.0153269,0.000324494
1320,-0.000513055,-0.0153269,0.000324494
1321,-0.000515055,-0.0153289,0.000298494
1322,-0.000513055,-0.0153289,0.000298494
1323,-0.000515055,-0.0153269,0.000298494
1324,-0.000513055,-0.0153269,0.000298494
1325,-0.000515055,-0.0153289,0.000300494
1326,-0.000513055,-0.0153289,0.000300494
1327,-0.000515055,-0.0153269,0.000300494
1328,-0.000513055,-0.0153269,0.000300494
1329,-0.000515055,-0.0153289,0.000300494
1330,-0.000513055,-0.0153289,0.000300494
1331,-0.000515055,-0.0153269,0.000300494
1332,-0.000513055,-0.0153269,0.000300494
1333,-0.000515055,-0.0153289,0.000302494
1334,-0.000513055,-0.0153289,0.000302494
1335,-0.000515055,-0.0153269,0.000302494
1336,-0.000513055,-0.0153269,0.000302494
1337,-0.000515055,-0.0153289,0.000302494
1338,-0.000513055,-0.0153289,0.000302494
1339,-0.000515055,-0.0153269,0.000302494
1340,-0.000513055,-0.0153269,0.000302494
1341,-0.000515055,-0.0153289,0.000304494
1342,-0.000513055,-0.0153289,0.000304494
1343,-0.000515055,-0.0153269,0.000304494
1344,-0.000513055,-0.0153269,0.000304494
1345,-0.000513055,-0.0153269,0.000312494
1346,-0.000511055,-0.0153269,0.000312494
1347,-0.000513055,-0.0153249,0.000312494
1348,-0.000511055,-0.0153249,0.000312494
1349,-0.000513055,-0.0153269,0.000314494
1350,-0.000511055,-0.0153269,0.000314494
1351,-0.000513055,-0.0153249,0.000314494
1352,-0.000511055,-0.0153249,0.000314494
1353,-0.000513055,-0.0153269,0.000314494
1354,-0.000511055,-0.0153269,0.000314494
1355,-0.000513055,-0.0153249,0.000314494
1356,-0.000511055,-0.0153249,0.000314494
1357,-0.000513055,-0.0153269,0.000316494
1358,-0.000511055,-0.0153269,0.000316494
1359,-0.000513055,-0.0153249,0.000316494
1360,-0.000511055,-0.0153249,0.000316494
1361,-0.000513055,-0.0153269,0.000316494
1362,-0.000511055,-0.0153269,0.000316494
1363,-0.000513055,-0.0153249,0.000316494
1364,-0.000511055,-0.0153249,0.000316494
1365,-0.000513055,-0.0153269,0.000318494
1366,-0.000511055,-0.0153269,0.000318494
1367,-0.000513055,-0.0153249,0.000318494
1368,-0.000511055,-0.0153249,0.000318494
1369,-0.000513055,-0.0153269,0.000318494
1370,-0.000511055,-0.0153269,0.000318494
1371,-0.000513055,-0.0153249,0.000318494
1372,-0.000511055,-0.0153249,0.000318494
1373,-0.000513055,-0.0153269,0.000320494
1374,-0.000511055,-0.0153269,0.000320494
1375,-0.000513055,-0.0153249,0.000320494
1376,-0.000511055,-0.0153249,0.000320494
1377,-0.000513055,-0.0153269,0.000320494
1378,-0.000511055,-0.0153269,0.000320494
1379,-0.000513055,-0.0153249,0.000320494
1380,-0.000511055,-0.0153249,0.000320494
1381,-0.000513055,-0.0153269,0.000322494
1382,-0.000511055,-0.0153269,0.000322494
1383,-0.000513055,-0.0153249,0.000322494
1384,-0.000511055,-0.0153249,0.000322494
1385,-0.000513055,-0.0153269,0.000302494
1386,-0.000511055,-0.0153269,0.000302494
1387,-0.000513055,-0.0153249,0.000302494
1388,-0.000511055,-0.0153249,0.000302494
1389,-0.000513055,-0.0153269,0.000304494
1390,-0.000511055,-0.0153269,0.000304494
1391,-0.000513055,-0.0153249,0.000304494
1392,-0.000511055,-0.0153249,0.000304494
1393,-0.000513055,-0.0153269,0.000304494
1394,-0.000511055,-0.0153269,0.000304494
1395,-0.000513055,-0.0153249,0.000304494
1396,-0.000511055,-0.0153249,0.000304494
1397,-0.000513055,-0.0153269,0.000306494
1398,-0.000511055,-0.0153269,0.000306494
1399,-0.000513055,-0.0153249,0.000306494
1400,-0.000511055,-0.0153249,0.000306494
1401,-0.000513055,-0.0153269,0.000306494
1402,-0.000511055,-0.0153269,0.000306494
1403,-0.000513055,-0.0153249,0.000306494
1404,-0.000511055,-0.0153249,0.000306494
1405,-0.000513055,-0.0153269,0.000308494
1406,-0.000511055,-0.0153269,0.000308494
1407,-0.000513055,-0.0153249,0.000308494
1408,-0.000511055,-0.0153249,0.000308494
1409,-0.000513055,-0.0153269,0.000308494
1410,-0.000511055,-0.0153269,0.000308494
1411,-0.000513055,-0.0153249,0.000308494
1412,-0.000511055,-0.0153249,0.000308494
1413,-0.000513055,-0.0153269,0.000310494
1414,-0.000511055,-0.0153269,0.000310494
1415,-0.000513055,-0.0153249,0.000310494
1416,-0.000511055,-0.0153249,0.000310494
1417,-0.000513055,-0.0153269,0.000310494
1418,-0.000511055,-0.0153269,0.000310494
1419,-0.000513055,-0.0153249,0.000310494
1420,-0.000511055,-0.0153249,0.000310494
1421,-0.000513055,-0.0153269,0.000312494
1422,-0.000511055,-0.0153269,0.000312494
1423,-0.000513055,-0.0153249,0.000312494
1424,-0.000511055,-0.0153249,0.000312494
1425,-0.000513055,-0.0153249,0.000312494
1426,-0.000511055,-0.0153249,0.000312494
1427,-0.000513055,-0.0153229,0.000312494
1428,-0.000511055,-0.0153229,0.000312494
1429,-0.000513055,-0.0153249,0.000314494
1430,-0.000511055,-0.0153249,0.000314494
1431,-0.000513055,-0.0153229,0.000314494
1432,-0.000511055,-0.0153229,0.000314494
1433,-0.000513055,-0.0153249,0.000314494
1434,-0.000511055,-0.0153249,0.000314494
1435,-0.000513055,-0.0153229,0.000314494
1436,-0.000511055,-0.0153229,0.000314494
1437,-0.000513055,-0.0153249,0.000316494
1438,-0.000511055,-0.0153249,0.000316494
1439,-0.000513055,-0.0153229,0.000316494
1440,-0.000511055,-0.0153229,0.000316494
1441,-0.000513055,-0.0153249,0.000316494
1442,-0.000511055,-0.0153249,0.000316494
1443,-0.000513055,-0.0153229,0.000316494
1444,-0.000511055,-0.0153229,0.000316494
1445,-0.000513055,-0.0153249,0.000318494
1446,-0.000511055,-0.0153249,0.000318494
1447,-0.000513055,-0.0153229,0.000318494
1448,-0.000511055,-0.0153229,0.000318494
1449,-0.000513055,-0.0153249,0.000318494
1450,-0.000511055,-0.0153249,0.000318494
1451,-0.000513055,-0.0153229,0.000318494
1452,-0.000511055,-0.0153229,0.000318494
1453,-0.000513055,-0.0153249,0.000320494
1454,-0.000511055,-0.0153249,0.000320494
1455,-0.000513055,-0.0153229,0.000320494
1456,-0.000511055,-0.0153229,0.000320494
1457,-0.000513055,-0.0153249,0.000308494
1458,-0.000511055,-0.0153249,0.000308494
1459,-0.000513055,-0.0153229,0.000308494
1460,-0.000511055,-0.0153229,0.000308494
1461,-0.000513055,-0.0153249,0.000310494
1462,-0.000511055,-0.0153249,0.000310494
1463,-0.000513055,-0.0153229,0.000310494
1464,-0.000511055,-0.0153229,0.000310494
1465,-0.000513055,-0.0153249,0.000310494
1466,-0.000511055,-0.0153249,0.000310494
1467,-0.000513055,-0.0153229,0.000310494
1468,-0.000511055,-0.0153229,0.000310494
1469,-0.000513055,-0.0153249,0.000312494
1470,-0.000511055,-0.0153249,0.000312494
1471,-0.000513055,-0.0153229,0.000312494
1472,-0.000511055,-0.0153229,0.000312494
1473,-0.000513055,-0.0153429,0.000306494
1474,-0.000511055,-0.0153429,0.000306494
1475,-0.000513055,-0.0153409,0.000306494
1476,-0.000511055,-0.0153409,0.000306494
1477,-0.000513055,-0.0153429,0.000308494
1478,-0.000511055,-0.0153429,0.000308494
1479,-0.000513055,-0.0153409,0.000308494
1480,-0.000511055,-0.0153409,0.000308494
1481,-0.000513055,-0.0153429,0.000308494
1482,-0.000511055,-0.0153429,0.000308494
1483,-0.000513055,-0.0153409,0.000308494
1484,-0.000511055,-0.0153409,0.000308494
1485,-0.000513055,-0.0153429,0.000310494
1486,-0.000511055,-0.0153429,0.000310494
1487,-0.000513055,-0.0153409,0.000310494
1488,-0.000511055,-0.0153409,0.000310494
1489,-0.000513055,-0.0153429,0.000310494
1490,-0.000511055,-0.0153429,0.000310494
1491,-0.000513055,-0.0153409,0.000310494
1492,-0.000511055,-0.0153409,0.000310494
1493,-0.000513055,-0.0153429,0.000312494
1494,-0.000511055,-0.0153429,0.000312494
1495,-0.000513055,-0.0153409,0.000312494
1496,-0.000511055,-0.0153409,0.000312494
1497,-0.000513055,-0.0153409,0.000312494
1498,-0.000511055,-0.0153409,0.000312494
1499,-0.000513055,-0.0153389,0.000312494
1500,-0.000511055,-0.0153389,0.000312494
1501,-0.000513055,-0.0153409,0.000314494
1502,-0.000511055,-0.0153409,0.000314494
1503,-0.000513055,-0.0153389,0.000314494
1504,-0.000511055,-0.0153389,0.000314494
1505,-0.000513055,-0.0153409,0.000314494
1506,-0.000511055,-0.0153409,0.000314494
1507,-0.000513055,-0.0153389,0.000314494
1508,-0.000511055,-0.0153389,0.000314494
1509,-0.000513055,-0.0153409,0.000316494
1510,-0.000511055,-0.0153409,0.000316494
1511,-0.000513055,-0.0153389,0.000316494
1512,-0.000511055,-0.0153389,0.000316494
1513,-0.000513055,-0.0153409,0.000316494
1514,-0.000511055,-0.0153409,0.000316494
1515,-0.000513055,-0.0153389,0.000316494
1516,-0.000511055,-0.0153389,0.000316494
1517,-0.000513055,-0.0153409,0.000318494
1518,-0.000511055,-0.0153409,0.000318494
1519,-0.000513055,-0.0153389,0.000318494
1520,-0.000511055,-0.0153389,0.000318494
1521,-0.000513055,-0.0153409,0.000318494
1522,-0.000511055,-0.0153409,0.000318494
1523,-0.000513055,-0.0153389,0.000318494
1524,-0.000511055,-0.0153389,0.000318494
1525,-0.000513055,-0.0153409,0.000320494
1526,-0.000511055,-0.0153409,0.000320494
1527,-0.000513055,-0.0153389,0.000320494
1528,-0.000511055,-0.0153389,0.000320494
1529,-0.000513055,-0.0153409,0.000300494
1530,-0.000511055,-0.0153409,0.000300494
1531,-0.000513055,-0.0153389,0.000300494
1532,-0.000511055,-0.0153389,0.000300494
1533,-0.000513055,-0.0153409,0.000302494
1534,-0.000511055,-0.0153409,0.000302494
1535,-0.000513055,-0.0153389,0.000302494
1536,-0.000511055,-0.0153389,0.000302494
1537,-0.000513055,-0.0153409,0.000302494
1538,-0.000511055,-0.0153409,0.000302494
1539,-0.000513055,-0.0153389,0.000302494
1540,-0.000511055,-0.0153389,0.000302494
1541,-0.000513055,-0.0153409,0.000304494
1542,-0.000511055,-0.0153409,0.000304494
1543,-0.000513055,-0.0153389,0.000304494
1544,-0.000511055,-0.0153389,0.000304494
1545,-0.000513055,-0.0153409,0.000304494
1546,-0.000511055,-0.0153409,0.000304494
1547,-0.000513055,-0.0153389,0.000304494
1548,-0.000511055,-0.0153389,0.000304494
1549,-0.000513055,-0.0153409,0.000306494
1550,-0.000511055,-0.0153409,0.000306494
1551,-0.000513055,-0.0153389,0.000306494
1552,-0.000511055,-0.0153389,0.000306494
1553,-0.000513055,-0.0153409,0.000306494
1554,-0.000511055,-0.0153409,0.000306494
1555,-0.000513055,-0.0153389,0.000306494
1556,-0.000511055,-0.0153389,0.000306494
1557,-0.000513055,-0.0153409,0.000308494
1558,-0.000511055,-0.0153409,0.000308494
1559,-0.000513055,-0.0153389,0.000308494
1560,-0.000511055,-0.0153389,0.000308494
1561,-0.000513055,-0.0153409,0.000308494
1562,-0.000511055,-0.0153409,0.000308494
1563,-0.000513055,-0.0153389,0.000308494
1564,-0.000511055,-0.0153389,0.000308494
1565,-0.000513055,-0.0153409,0.000310494
1566,-0.000511055,-0.0153409,0.000310494
1567,-0.000513055,-0.0153389,0.000310494
1568,-0.000511055,-0.0153389,0.000310494
1569,-0.000513055,-0.0153409,0.000310494
1570,-0.000511055,-0.0153409,0.000310494
1571,-0.000513055,-0.0153389,0.000310494
1572,-0.000511055,-0.0153389,0.000310494
1573,-0.000513055,-0.0153409,0.000312494
1574,-0.000511055,-0.0153409,0.000312494
1575,-0.000513055,-0.0153389,0.000312494
1576,-0.000511055,-0.0153389,0.000312494
1577,-0.000513055,-0.0153389,0.000312494
1578,-0.000511055,-0.0153389,0.000312494
1579,-0.000513055,-0.0153369,0.000312494
1580,-0.000511055,-0.0153369,0.000312494
1581,-0.000513055,-0.0153389,0.000314494
1582,-0.000511055,-0.0153389,0.000314494
1583,-0.000513055,-0.0153369,0.000314494
1584,-0.000511055,-0.0153369,0.000314494
1585,-0.000513055,-0.0153389,0.000314494
1586,-0.000511055,-0.0153389,0.000314494
1587,-0.000513055,-0.0153369,0.000314494
1588,-0.000511055,-0.0153369,0.000314494
1589,-0.000513055,-0.0153389,0.000316494
1590,-0.000511055,-0.0153389,0.000316494
1591,-0.000513055,-0.0153369,0.000316494
1592,-0.000511055,-0.0153369,0.000316494
1593,-0.000513055,-0.0153389,0.000316494
1594,-0.000511055,-0.0153389,0.000316494
1595,-0.000513055,-0.0153369,0.000316494
1596,-0.000511055,-0.0153369,0.000316494
1597,-0.000513055,-0.0153389,0.000318494
1598,-0.000511055,-0.0153389,0.000318494
1599,-0.000513055,-0.0153369,0.000318494
1600,-0.000511055,-0.0153369,0.000318494
1601,-0.000513055,-0.0153389,0.000318494
1602,-0.000511055,-0.0153389,0.000318494
1603,-0.000513055,-0.0153369,0.000318494
1604,-0.000511055,-0.0153369,0.000318494
1605,-0.000513055,-0.0153389,0.000320494
1606,-0.000511055,-0.0153389,0.000320494
1607,-0.000513055,-0.0153369,0.000320494
1608,-0.000511055,-0.0153369,0.000320494
1609,-0.000513055,-0.0153389,0.000320494
1610,-0.000511055,-0.0153389,0.000320494
1611,-0.000513055,-0.0153369,0.000320494
1612,-0.000511055,-0.0153369,0.000320494
1613,-0.000513055,-0.0153389,0.000322494
1614,-0.000511055,-0.0153389,0.000322494
1615,-0.000513055,-0.0153369,0.000322494
1616,-0.000511055,-0.0153369,0.000322494
1617,-0.000513055,-0.0153389,0.000298494
1618,-0.000511055,-0.0153389,0.000298494
1619,-0.000513055,-0.0153369,0.000298494
1620,-0.000511055,-0.0153369,0.000298494
1621,-0.000513055,-0.0153389,0.000300494
1622,-0.000511055,-0.0153389,0.000300494
1623,-0.000513055,-0.0153369,0.000300494
1624,-0.000511055,-0.0153369,0.000300494
1625,-0.000513055,-0.0153389,0.000300494
1626,-0.000511055,-0.0153389,0.000300494
1627,-0.000513055,-0.0153369,0.000300494
1628,-0.000511055,-0.0153369,0.000300494
1629,-0.000513055,-0.0153389,0.000302494
1630,-0.000511055,-0.0153389,0.000302494
1631,-0.000513055,-0.0153369,0.000302494
1632,-0.000511055,-0.0153369,0.000302494
1633,-0.000513055,-0.0153389,0.000302494
1634,-0.000511055,-0.0153389,0.000302494
1635,-0.000513055,-0.0153369,0.000302494
1636,-0.000511055,-0.0153369,0.000302494
1637,-0.000513055,-0.0153389,0.000304494
1638,-0.000511055,-0.0153389,0.000304494
1639,-0.000513055,-0.0153369,0.000304494
1640,-0.000511055,-0.0153369,0.000304494
1641,-0.000513055,-0.0153389,0.000304494
1642,-0.000511055,-0.0153389,0.000304494
1643,-0.000513055,-0.0153369,0.000304494
1644,-0.000511055,-0.0153369,0.000304494
1645,-0.000513055,-0.0153389,0.000306494
1646,-0.000511055,-0.0153389,0.000306494
1647,-0.000513055,-0.0153369,0.000306494
1648,-0.000511055,-0.0153369,0.000306494
1649,-0.000513055,-0.0153369,0.000312494
1650,-0.000511055,-0.0153369,0.000312494
1651,-0.000513055,-0.0153349,0.000312494
1652,-0.000511055,-0.0153349,0.000312494
1653,-0.000513055,-0.0153369,0.000314494
1654,-0.000511055,-0.0153369,0.000314494
1655,-0.000513055,-0.0153349,0.000314494
1656,-0.000511055,-0.0153349,0.000314494
1657,-0.000513055,-0.0153369,0.000314494
1658,-0.000511055,-0.0153369,0.000314494
1659,-0.000513055,-0.0153349,0.000314494
1660,-0.000511055,-0.0153349,0.000314494
1661,-0.000513055,-0.0153369,0.000316494
1662,-0.000511055,-0.0153369,0.000316494
1663,-0.000513055,-0.0153349,0.000316494
1664,-0.000511055,-0.0153349,0.000316494
1665,-0.000513055,-0.0153369,0.000316494
1666,-0.000511055,-0.0153369,0.000316494
1667,-0.000513055,-0.0153349,0.000316494
1668,-0.000511055,-0.0153349,0.000316494
1669,-0.000513055,-0.0153369,0.000318494
1670,-0.000511055,-0.0153369,0.000318494
1671,-0.000513055,-0.0153349,0.000318494
1672,-0.000511055,-0.0153349,0.000318494
1673,-0.000513055,-0.0153369,0.000318494
1674,-0.000511055,-0.0153369,0.000318494
1675,-0.000513055,-0.0153349,0.000318494
1676,-0.000511055,-0.0153349,0.000318494
1677,-0.000513055,-0.0153369,0.000320494
1678,-0.000511055,-0.0153369,0.000320494
1679,-0.000513055,-0.0153349,0.000320494
1680,-0.000511055,-0.0153349,0.000320494
1681,-0.000513055,-0.0153369,0.000320494
1682,-0.000511055,-0.0153369,0.000320494
1683,-0.000513055,-0.0153349,0.000320494
1684,-0.000511055,-0.0153349,0.000320494
1685,-0.000513055,-0.0153369,0.000322494
1686,-0.000511055,-0.0153369,0.000322494
1687,-0.000513055,-0.0153349,0.000322494
1688,-0.000511055,-0.0153349,0.000322494
1689,-0.000513055,-0.0153369,0.000322494
1690,-0.000511055,-0.0153369,0.000322494
1691,-0.000513055,-0.0153349,0.000322494
1692,-0.000511055,-0.0153349,0.000322494
1693,-0.000513055,-0.0153369,0.000324494
1694,-0.000511055,-0.0153369,0.000324494
1695,-0.000513055,-0.0153349,0.000324494
1696,-0.000511055,-0.0153349,0.000324494
1697,-0.000513055,-0.0153369,0.000298494
1698,-0.000511055,-0.0153369,0.000298494
1699,-0.000513055,-0.0153349,0.000298494
1700,-0.000511055,-0.0153349,0.000298494
1701,-0.000513055,-0.0153369,0.000300494
1702,-0.000511055,-0.0153369,0.000300494
1703,-0.000513055,-0.0153349,0.000300494
1704,-0.000511055,-0.0153349,0.000300494
1705,-0.000513055,-0.0153369,0.000300494
1706,-0.000511055,-0.0153369,0.000300494
1707,-0.000513055,-0.0153349,0.000300494
1708,-0.000511055,-0.0153349,0.000300494
1709,-0.000513055,-0.0153369,0.000302494
1710,-0.000511055,-0.0153369,0.000302494
1711,-0.000513055,-0.0153349,0.000302494
1712,-0.000511055,-0.0153349,0.000302494
1713,-0.000513055,-0.0153369,0.000302494
1714,-0.000511055,-0.0153369,0.000302494
1715,-0.000513055,-0.0153349,0.000302494
1716,-0.000511055,-0.0153349,0.000302494
1717,-0.000513055,-0.0153369,0.000304494
1718,-0.000511055,-0.0153369,0.000304494
1719,-0.000513055,-0.0153349,0.000304494
1720,-0.000511055,-0.0153349,0.000304494
1721,-0.000513055,-0.0153369,0.000304494
1722,-0.000511055,-0.0153369,0.000304494
1723,-0.000513055,-0.0153349,0.000304494
1724,-0.000511055,-0.0153349,0.000304494
1725,-0.000513055,-0.0153369,0.000306494
1726,-0.000511055,-0.0153369,0.000306494
1727,-0.000513055,-0.0153349,0.000306494
1728,-0.000511055,-0.0153349,0.000306494
1729,-0.000513055,-0.0153349,0.000316494
1730,-0.000511055,-0.0153349,0.000316494
1731,-0.000513055,-0.0153329,0.000316494
1732,-0.000511055,-0.0153329,0.000316494
1733,-0.000513055,-0.0153349,0.000318494
1734,-0.000511055,-0.0153349,0.000318494
1735,-0.000513055,-0.0153329,0.000318494
1736,-0.000511055,-0.0153329,0.000318494
1737,-0.000513055,-0.0153349,0.000318494
1738,-0.000511055,-0.0153349,0.000318494
1739,-0.000513055,-0.0153329,0.000318494
1740,-0.000511055,-0.0153329,0.000318494
1741,-0.000513055,-0.0153349,0.000320494
1742,-0.000511055,-0.0153349,0.000320494
1743,-0.000513055,-0.0153329,0.000320494
1744,-0.000511055,-0.0153329,0.000320494
1745,-0.000513055,-0.0153349,0.000320494
1746,-0.000511055,-0.0153349,0.000320494
1747,-0.000513055,-0.0153329,0.000320494
1748,-0.000511055,-0.0153329,0.000320494
1749,-0.000513055,-0.0153349,0.000322494
1750,-0.000511055,-0.0153349,0.000322494
1751,-0.000513055,-0.0153329,0.000322494
1752,-0.000511055,-0.0153329,0.000322494
1753,-0.000513055,-0.0153349,0.000322494
1754,-0.000511055,-0.0153349,0.000322494
1755,-0.000513055,-0.0153329,0.000322494
1756,-0.000511055,-0.0153329,0.000322494
1757,-0.000513055,-0.0153349,0.000324494
1758,-0.000511055,-0.0153349,0.000324494
1759,-0.000513055,-0.0153329,0.000324494
1760,-0.000511055,-0.0153329,0.000324494
1761,-0.000513055,-0.0153349,0.000296494
1762,-0.000511055,-0.0153349,0.000296494
1763,-0.000513055,-0.0153329,0.000296494
1764,-0.000511055,-0.0153329,0.000296494
1765,-0.000513055,-0.0153349,0.000298494
1766,-0.000511055,-0.0153349,0.000298494
1767,-0.000513055,-0.0153329,0.000298494
1768,-0.000511055,-0.0153329,0.000298494
1769,-0.000513055,-0.0153349,0.000298494
1770,-0.000511055,-0.0153349,0.000298494
1771,-0.000513055,-0.0153329,0.000298494
1772,-0.000511055,-0.0153329,0.000298494
1773,-0.000513055,-0.0153349,0.000300494
1774,-0.000511055,-0.0153349,0.000300494
1775,-0.000513055,-0.0153329,0.000300494
1776,-0.000511055,-0.0153329,0.000300494
1777,-0.000513055,-0.0153349,0.000300494
1778,-0.000511055,-0.0153349,0.000300494
1779,-0.000513055,-0.0153329,0.000300494
1780,-0.000511055,-0.0153329,0.000300494
1781,-0.000513055,-0.0153349,0.000302494
1782,-0.000511055,-0.0153349,0.000302494
1783,-0.000513055,-0.0153329,0.000302494
1784,-0.000511055,-0.0153329,0.000302494
1785,-0.000513055,-0.0153349,0.000302494
1786,-0.000511055,-0.0153349,0.000302494
1787,-0.000513055,-0.0153329,0.000302494
1788,-0.000511055,-0.0153329,0.000302494
1789,-0.000513055,-0.0153349,0.000304494
1790,-0.000511055,-0.0153349,0.000304494
1791,-0.000513055,-0.0153329,0.000304494
1792,-0.000511055,-0.0153329,0.000304494
1793,-0.000513055,-0.0153329,0.000320494
1794,-0.000511055,-0.0153329,0.000320494
1795,-0.000513055,-0.0153309,0.000320494
1796,-0.000511055,-0.0153309,0.000320494
1797,-0.000513055,-0.0153329,0.000322494
1798,-0.000511055,-0.0153329,0.000322494
1799,-0.000513055,-0.0153309,0.000322494
1800,-0.000511055,-0.0153309,0.000322494
1801,-0.000513055,-0.0153329,0.000322494
1802,-0.000511055,-0.0153329,0.000322494
1803,-0.000513055,-0.0153309,0.000322494
1804,-0.000511055,-0.0153309,0.000322494
1805,-0.000513055,-0.0153329,0.000324494
1806,-0.000511055,-0.0153329,0.000324494
1807,-0.000513055,-0.0153309,0.000324494
1808,-0.000511055,-0.0153309,0.000324494
1809,-0.000513055,-0.0153329,0.000298494
1810,-0.000511055,-0.0153329,0.000298494
1811,-0.000513055,-0.0153309,0.000298494
1812,-0.000511055,-0.0153309,0.000298494
1813,-0.000513055,-0.0153329,0.000300494
1814,-0.000511055,-0.0153329,0.000300494
1815,-0.000513055,-0.0153309,0.000300494
1816,-0.000511055,-0.0153309,0.000300494
1817,-0.000513055,-0.0153329,0.000300494
1818,-0.000511055,-0.0153329,0.000300494
1819,-0.000513055,-0.0153309,0.000300494
1820,-0.000511055,-0.0153309,0.000300494
1821,-0.000513055,-0.0153329,0.000302494
1822,-0.000511055,-0.0153329,0.000302494
1823,-0.000513055,-0.0153309,0.000302494
1824,-0.000511055,-0.0153309,0.000302494
1825,-0.000513055,-0.0153329,0.000302494
1826,-0.000511055,-0.0153329,0.000302494
1827,-0.000513055,-0.0153309,0.000302494
1828,-0.000511055,-0.0153309,0.000302494
1829,-0.000513055,-0.0153329,0.000304494
1830,-0.000511055,-0.0153329,0.000304494
1831,-0.000513055,-0.0153309,0.000304494
1832,-0.000511055,-0.0153309,0.000304494
1833,-0.000513055,-0.0153309,0.000320494
1834,-0.000511055,-0.0153309,0.000320494
1835,-0.000513055,-0.0153289,0.000320494
1836,-0.000511055,-0.0153289,0.000320494
1837,-0.000513055,-0.0153309,0.000322494
1838,-0.000511055,-0.0153309,0.000322494
1839,-0.000513055,-0.0153289,0.000322494
1840,-0.000511055,-0.0153289,0.000322494
1841,-0.000513055,-0.0153309,0.000322494
1842,-0.000511055,-0.0153309,0.000322494
1843,-0.000513055,-0.0153289,0.000322494
1844,-0.000511055,-0.0153289,0.000322494
1845,-0.000513055,-0.0153309,0.000324494
1846,-0.000511055,-0.0153309,0.000324494
1847,-0.000513055,-0.0153289,0.000324494
1848,-0.000511055,-0.0153289,0.000324494
1849,-0.000513055,-0.0153309,0.000298494
1850,-0.000511055,-0.0153309,0.000298494
1851,-0.000513055,-0.0153289,0.000298494
1852,-0.000511055,-0.0153289,0.000298494
1853,-0.000513055,-0.0153309,0.000300494
1854,-0.000511055,-0.0153309,0.000300494
1855,-0.000513055,-0.0153289,0.000300494
1856,-0.000511055,-0.0153289,0.000300494
1857,-0.000513055,-0.0153309,0.000300494
1858,-0.000511055,-0.0153309,0.000300494
1859,-0.000513055,-0.0153289,0.000300494
1860,-0.000511055,-0.0153289,0.000300494
1861,-0.000513055,-0.0153309,0.000302494
1862,-0.000511055,-0.0153309,0.000302494
1863,-0.000513055,-0.0153289,0.000302494
1864,-0.000511055,-0.0153289,0.000302494
1865,-0.000513055,-0.0153309,0.000302494
1866,-0.000511055,-0.0153309,0.000302494
1867,-0.000513055,-0.0153289,0.000302494
1868,-0.000511055,-0.0153289,0.000302494
1869,-0.000513055,-0.0153309,0.000304494
1870,-0.000511055,-0.0153309,0.000304494
1871,-0.000513055,-0.0153289,0.000304494
1872,-0.000511055,-0.0153289,0.000304494
1873,-0.000513055,-0.0153309,0.000304494
1874,-0.000511055,-0.0153309,0.000304494
1875,-0.000513055,-0.0153289,0.000304494
1876,-0.000511055,-0.0153289,0.000304494
1877,-0.000513055,-0.0153309,0.000306494
1878,-0.000511055,-0.0153309,0.000306494
1879,-0.000513055,-0.0153289,0.000306494
1880,-0.000511055,-0.0153289,0.000306494
1881,-0.000513055,-0.0153309,0.000306494
1882,-0.000511055,-0.0153309,0.000306494
1883,-0.000513055,-0.0153289,0.000306494
1884,-0.000511055,-0.0153289,0.000306494
1885,-0.000513055,-0.0153309,0.000308494
1886,-0.000511055,-0.0153309,0.000308494
1887,-0.000513055,-0.0153289,0.000308494
1888,-0.000511055,-0.0153289,0.000308494
1889,-0.000513055,-0.0153289,0.000320494
1890,-0.000511055,-0.0153289,0.000320494
1891,-0.000513055,-0.0153269,0.000320494
1892,-0.000511055,-0.0153269,0.000320494
1893,-0.000513055,-0.0153289,0.000322494
1894,-0.000511055,-0.0153289,0.000322494
1895,-0.000513055,-0.0153269,0.000322494
1896,-0.000511055,-0.0153269,0.000322494
1897,-0.000513055,-0.0153289,0.000322494
1898,-0.000511055,-0.0153289,0.000322494
1899,-0.000513055,-0.0153269,0.000322494
1900,-0.000511055,-0.0153269,0.000322494
1901,-0.000513055,-0.0153289,0.000324494
1902,-0.000511055,-0.0153289,0.000324494
1903,-0.000513055,-0.0153269,0.000324494
1904,-0.000511055,-0.0153269,0.000324494
1905,-0.000513055,-0.0153289,0.000300494
1906,-0.000511055,-0.0153289,0.000300494
1907,-0.000513055,-0.0153269,0.000300494
1908,-0.000511055,-0.0153269,0.000300494
1909,-0.000513055,-0.0153289,0.000302494
1910,-0.000511055,-0.0153289,0.000302494
1911,-0.000513055,-0.0153269,0.000302494
1912,-0.000511055,-0.0153269,0.000302494
1913,-0.000513055,-0.0153289,0.000302494
1914,-0.000511055,-0.0153289,0.000302494
1915,-0.000513055,-0.0153269,0.000302494
1916,-0.000511055,-0.0153269,0.000302494
1917,-0.000513055,-0.0153289,0.000304494
1918,-0.000511055,-0.0153289,0.000304494
1919,-0.000513055,-0.0153269,0.000304494
1920,-0.000511055,-0.0153269,0.000304494
1921,-0.000513055,-0.0153289,0.000304494
1922,-0.000511055,-0.0153289,0.000304494
1923,-0.000513055,-0.0153269,0.000304494
1924,-0.000511055,-0.0153269,0.000304494
1925,-0.000513055,-0.0153289,0.000306494
1926,-0.000511055,-0.0153289,0.000306494
1927,-0.000513055,-0.0153269,0.000306494
1928,-0.000511055,-0.0153269,0.000306494
1929,-0.000513055,-0.0153289,0.000306494
1930,-0.000511055,-0.0153289,0.000306494
1931,-0.000513055,-0.0153269,0.000306494
1932,-0.000511055,-0.0153269,0.000306494
1933,-0.000513055,-0.0153289,0.000308494
1934,-0.000511055,-0.0153289,0.000308494
1935,-0.000513055,-0.0153269,0.000308494
1936,-0.000511055,-0.0153269,0.000308494
1937,-0.000513055,-0.0153289,0.000308494
1938,-0.000511055,-0.0153289,0.000308494
1939,-0.000513055,-0.0153269,0.000308494
1940,-0.000511055,-0.0153269,0.000308494
1941,-0.000513055,-0.0153289,0.000310494
1942,-0.000511055,-0.0153289,0.000310494
1943,-0.000513055,-0.0153269,0.000310494
1944,-0.000511055,-0.0153269,0.000310494
1945,-0.000513055,-0.0153289,0.000310494
1946,-0.000511055,-0.0153289,0.000310494
1947,-0.000513055,-0.0153269,0.000310494
1948,-0.000511055,-0.0153269,0.000310494
1949,-0.000513055,-0.0153289,0.000312494
1950,-0.000511055,-0.0153289,0.000312494
1951,-0.000513055,-0.0153269,0.000312494
1952,-0.000511055,-0.0153269,0.000312494
1953,-0.000511055,-0.0153269,0.000312494
1954,-0.000510013,-0.0153269,0.000312494
1955,-0.000511055,-0.0153249,0.000312494
1956,-0.000510013,-0.0153249,0.000312494
1957,-0.000511055,-0.0153269,0.000314494
1958,-0.000510013,-0.0153269,0.000314494
1959,-0.000511055,-0.0153249,0.000314494
1960,-0.000510013,-0.0153249,0.000314494
1961,-0.000511055,-0.0153269,0.000314494
1962,-0.000510013,-0.0153269,0.000314494
1963,-0.000511055,-0.0153249,0.000314494
1964,-0.000510013,-0.0153249,0.000314494
1965,-0.000511055,-0.0153269,0.000316494
1966,-0.000510013,-0.0153269,0.000316494
1967,-0.000511055,-0.0153249,0.000316494
1968,-0.000510013,-0.0153249,0.000316494
1969,-0.000511055,-0.0153269,0.000316494
1970,-0.000510013,-0.0153269,0.000316494
1971,-0.000511055,-0.0153249,0.000316494
1972,-0.000510013,-0.0153249,0.000316494
1973,-0.000511055,-0.0153269,0.000318494
1974,-0.000510013,-0.0153269,0.000318494
1975,-0.000511055,-0.0153249,0.000318494
1976,-0.000510013,-0.0153249,0.000318494
1977,-0.000511055,-0.0153269,0.000318494
1978,-0.000510013,-0.0153269,0.000318494
1979,-0.000511055,-0.0153249,0.000318494
1980,-0.000510013,-0.0153249,0.000318494
1981,-0.000511055,-0.0153269,0.000320494
1982,-0.000510013,-0.0153269,0.000320494
1983,-0.000511055,-0.0153249,0.000320494
1984,-0.000510013,-0.0153249,0.000320494
1985,-0.000511055,-0.0153269,0.000320494
1986,-0.000510013,-0.0153269,0.000320494
1987,-0.000511055,-0.0153249,0.000320494
1988,-0.000510013,-0.0153249,0.000320494
1989,-0.000511055,-0.0153269,0.000322494
1990,-0.000510013,-0.0153269,0.000322494
1991,-0.000511055,-0.0153249,0.000322494
1992,-0.000510013,-0.0153249,0.000322494
1993,-0.000511055,-0.0153269,0.000310494
1994,-0.000510013,-0.0153269,0.000310494
1995,-0.000511055,-0.0153249,0.000310494
1996,-0.000510013,-0.0153249,0.000310494
1997,-0.000511055,-0.0153269,0.000312494
1998,-0.000510013,-0.0153269,0.000312494
1999,-0.000511055,-0.0153249,0.000312494
2000,-0.000510013,-0.0153249,0.000312494
2001,-0.000511055,-0.0153409,0.000312494
2002,-0.000510013,-0.0153409,0.000312494
2003,-0.000511055,-0.0153389,0.000312494
2004,-0.000510013,-0.0153389,0.000312494
2005,-0.000511055,-0.0153409,0.000314494
2006,-0.000510013,-0.0153409,0.000314494
2007,-0.000511055,-0.0153389,0.000314494
2008,-0.000510013,-0.0153389,0.000314494
2009,-0.000511055,-0.0153409,0.000304494
2010,-0.000510013,-0.0153409,0.000304494
2011,-0.000511055,-0.0153389,0.000304494
2012,-0.000510013,-0.0153389,0.000304494
2013,-0.000511055,-0.0153409,0.000306494
2014,-0.000510013,-0.0153409,0.000306494
2015,-0.000511055,-0.0153389,0.000306494
2016,-0.000510013,-0.0153389,0.000306494
2017,-0.000511055,-0.0153409,0.000306494
2018,-0.000510013,-0.0153409,0.000306494
2019,-0.000511055,-0.0153389,0.000306494
2020,-0.000510013,-0.0153389,0.000306494
2021,-0.000511055,-0.0153409,0.000308494
2022,-0.000510013,-0.0153409,0.000308494
2023,-0.000511055,-0.0153389,0.000308494
2024,-0.000510013,-0.0153389,0.000308494
2025,-0.000511055,-0.0153409,0.000308494
2026,-0.000510013,-0.0153409,0.000308494
2027,-0.000511055,-0.0153389,0.000308494
2028,-0.000510013,-0.0153389,0.000308494
2029,-0.000511055,-0.0153409,0.000310494
2030,-0.000510013,-0.0153409,0.000310494
2031,-0.000511055,-0.0153389,0.000310494
2032,-0.000510013,-0.0153389,0.000310494
2033,-0.000511055,-0.0153409,0.000310494
2034,-0.000510013,-0.0153409,0.000310494
2035,-0.000511055,-0.0153389,0.000310494
2036,-0.000510013,-0.0153389,0.000310494
2037,-0.000511055,-0.0153409,0.000312494
2038,-0.000510013,-0.0153409,0.000312494
2039,-0.000511055,-0.0153389,0.000312494
2040,-0.000510013,-0.0153389,0.000312494
2041,-0.000511055,-0.0153389,0.000312494
2042,-0.000510013,-0.0153389,0.000312494
2043,-0.000511055,-0.0153369,0.000312494
2044,-0.000510013,-0.0153369,0.000312494
2045,-0.000511055,-0.0153389,0.000314494
2046,-0.000510013,-0.0153389,0.000314494
2047,-0.000511055,-0.0153369,0.000314494
2048,-0.000510013,-0.0153369,0.000314494
2049,-0.000511055,-0.0153389,0.000304494
2050,-0.000510013,-0.0153389,0.000304494
2051,-0.000511055,-0.0153369,0.000304494
2052,-0.000510013,-0.0153369,0.000304494
2053,-0.000511055,-0.0153389,0.000306494
2054,-0.000510013,-0.0153389,0.000306494
2055,-0.000511055,-0.0153369,0.000306494
2056,-0.000510013,-0.0153369,0.000306494
2057,-0.000511055,-0.0153389,0.000306494
2058,-0.000510013,-0.0153389,0.000306494
2059,-0.000511055,-0.0153369,0.000306494
2060,-0.000510013,-0.0153369,0.000306494
2061,-0.000511055,-0.0153389,0.000308494
2062,-0.000510013,-0.0153389,0.000308494
2063,-0.000511055,-0.0153369,0.000308494
2064,-0.000510013,-0.0153369,0.000308494
2065,-0.000511055,-0.0153389,0.000308494
2066,-0.000510013,-0.0153389,0.000308494
2067,-0.000511055,-0.0153369,0.000308494
2068,-0.000510013,-0.0153369,0.000308494
2069,-0.000511055,-0.0153389,0.000310494
2070,-0.000510013,-0.0153389,0.000310494
2071,-0.000511055,-0.0153369,0.000310494
2072,-0.000510013,-0.0153369,0.000310494
2073,-0.000511055,-0.0153389,0.000310494
2074,-0.000510013,-0.0153389,0.000310494
2075,-0.000511055,-0.0153369,0.000310494
2076,-0.000510013,-0.0153369,0.000310494
2077,-0.000511055,-0.0153389,0.000312494
2078,-0.000510013,-0.0153389,0.000312494
2079,-0.000511055,-0.0153369,0.000312494
2080,-0.000510013,-0.0153369,0.000312494
2081,-0.000511055,-0.0153369,0.000312494
2082,-0.000510013,-0.0153369,0.000312494
2083,-0.000511055,-0.0153349,0.000312494
2084,-0.000510013,-0.0153349,0.000312494
2085,-0.000511055,-0.0153369,0.000314494
2086,-0.000510013,-0.0153369,0.000314494
2087,-0.000511055,-0.0153349,0.000314494
2088,-0.000510013,-0.0153349,0.000314494
2089,-0.000511055,-0.0153369,0.000314494
2090,-0.000510013,-0.0153369,0.000314494
2091,-0.000511055,-0.0153349,0.000314494
2092,-0.000510013,-0.0153349,0.000314494
2093,-0.000511055,-0.0153369,0.000316494
2094,-0.000510013,-0.0153369,0.000316494
2095,-0.000511055,-0.0153349,0.000316494
2096,-0.000510013,-0.0153349,0.000316494
2097,-0.000511055,-0.0153369,0.000316494
2098,-0.000510013,-0.0153369,0.000316494
2099,-0.000511055,-0.0153349,0.000316494
2100,-0.000510013,-0.0153349,0.000316494
2101,-0.000511055,-0.0153369,0.000318494
2102,-0.000510013,-0.0153369,0.000318494
2103,-0.000511055,-0.0153349,0.000318494
2104,-0.000510013,-0.0153349,0.000318494
2105,-0.000511055,-0.0153369,0.000302494
2106,-0.000510013,-0.0153369,0.000302494
2107,-0.000511055,-0.0153349,0.000302494
2108,-0.000510013,-0.0153349,0.000302494
2109,-0.000511055,-0.0153369,0.000304494
2110,-0.000510013,-0.0153369,0.000304494
2111,-0.000511055,-0.0153349,0.000304494
2112,-0.000510013,-0.0153349,0.000304494
2113,-0.000511055,-0.0153369,0.000304494
2114,-0.000510013,-0.0153369,0.000304494
2115,-0.000511055,-0.0153349,0.000304494
2116,-0.000510013,-0.0153349,0.000304494
2117,-0.000511055,-0.0153369,0.000306494
2118,-0.000510013,-0.0153369,0.000306494
2119,-0.000511055,-0.0153349,0.000306494
2120,-0.000510013,-0.0153349,0.000306494
2121,-0.000511055,-0.0153369,0.000306494
2122,-0.000510013,-0.0153369,0.000306494
2123,-0.000511055,-0.0153349,0.000306494
2124,-0.000510013,-0.0153349,0.000306494
2125,-0.000511055,-0.0153369,0.000308494
2126,-0.000510013,-0.0153369,0.000308494
2127,-0.000511055,-0.0153349,0.000308494
2128,-0.000510013,-0.0153349,0.000308494
2129,-0.000511055,-0.0153369,0.000308494
2130,-0.000510013,-0.0153369,0.000308494
2131,-0.000511055,-0.0153349,0.000308494
2132,-0.000510013,-0.0153349,0.000308494
2133,-0.000511055,-0.0153369,0.000310494
2134,-0.000510013,-0.0153369,0.000310494
2135,-0.000511055,-0.0153349,0.000310494
2136,-0.000510013,-0.0153349,0.000310494
2137,-0.000511055,-0.0153369,0.000310494
2138,-0.000510013,-0.0153369,0.000310494
2139,-0.000511055,-0.0153349,0.000310494
2140,-0.000510013,-0.0153349,0.000310494
2141,-0.000511055,-0.0153369,0.000312494
2142,-0.000510013,-0.0153369,0.000312494
2143,-0.000511055,-0.0153349,0.000312494
2144,-0.000510013,-0.0153349,0.000312494
2145,-0.000511055,-0.0153349,0.000312494
2146,-0.000510013,-0.0153349,0.000312494
2147,-0.000511055,-0.0153329,0.000312494
2148,-0.000510013,-0.0153329,0.000312494
2149,-0.000511055,-0.0153349,0.000314494
2150,-0.000510013,-0.0153349,0.000314494
2151,-0.000511055,-0.0153329,0.000314494
2152,-0.000510013,-0.0153329,0.000314494
2153,-0.000511055,-0.0153349,0.000314494
2154,-0.000510013,-0.0153349,0.000314494
2155,-0.000511055,-0.0153329,0.000314494
2156,-0.000510013,-0.0153329,0.000314494
2157,-0.000511055,-0.0153349,0.000316494
2158,-0.000510013,-0.0153349,0.000316494
2159,-0.000511055,-0.0153329,0.000316494
2160,-0.000510013,-0.0153329,0.000316494
2161,-0.000511055,-0.0153349,0.000316494
2162,-0.000510013,-0.0153349,0.000316494
2163,-0.000511055,-0.0153329,0.000316494
2164,-0.000510013,-0.0153329,0.000316494
2165,-0.000511055,-0.0153349,0.000318494
2166,-0.000510013,-0.0153349,0.000318494
2167,-0.000511055,-0.0153329,0.000318494
2168,-0.000510013,-0.0153329,0.000318494
2169,-0.000511055,-0.0153349,0.000318494
2170,-0.000510013,-0.0153349,0.000318494
2171,-0.000511055,-0.0153329,0.000318494
2172,-0.000510013,-0.0153329,0.000318494
2173,-0.000511055,-0.0153349,0.000320494
2174,-0.000510013,-0.0153349,0.000320494
2175,-0.000511055,-0.0153329,0.000320494
2176,-0.000510013,-0.0153329,0.000320494
2177,-0.000511055,-0.0153349,0.000320494
2178,-0.000510013,-0.0153349,0.000320494
2179,-0.000511055,-0.0153329,0.000320494
2180,-0.000510013,-0.0153329,0.000320494
2181,-0.000511055,-0.0153349,0.000322494
2182,-0.000510013,-0.0153349,0.000322494
2183,-0.000511055,-0.0153329,0.000322494
2184,-0.000510013,-0.0153329,0.000322494
2185,-0.000511055,-0.0153349,0.000302494
2186,-0.000510013,-0.0153349,0.000302494
2187,-0.000511055,-0.0153329,0.000302494
2188,-0.000510013,-0.0153329,0.000302494
2189,-0.000511055,-0.0153349,0.000304494
2190,-0.000510013,-0.0153349,0.000304494
2191,-0.000511055,-0.0153329,0.000304494
2192,-0.000510013,-0.0153329,0.000304494
2193,-0.000511055,-0.0153349,0.000304494
2194,-0.000510013,-0.0153349,0.000304494
2195,-0.000511055,-0.0153329,0.000304494
2196,-0.000510013,-0.0153329,0.000304494
2197,-0.000511055,-0.0153349,0.000306494
2198,-0.000510013,-0.0153349,0.000306494
2199,-0.000511055,-0.0153329,0.000306494
2200,-0.000510013,-0.0153329,0.000306494
2201,-0.000511055,-0.0153349,0.000306494
2202,-0.000510013,-0.0153349,0.000306494
2203,-0.000511055,-0.0153329,0.000306494
2204,-0.000510013,-0.0153329,0.000306494
2205,-0.000511055,-0.0153349,0.000308494
2206,-0.000510013,-0.0153349,0.000308494
2207,-0.000511055,-0.0153329,0.000308494
2208,-0.000510013,-0.0153329,0.000308494
2209,-0.000511055,-0.0153349,0.000308494
2210,-0.000510013,-0.0153349,0.000308494
2211,-0.000511055,-0.0153329,0.000308494
2212,-0.000510013,-0.0153329,0.000308494
2213,-0.000511055,-0.0153349,0.000310494
2214,-0.000510013,-0.0153349,0.000310494
2215,-0.000511055,-0.0153329,0.000310494
2216,-0.000510013,-0.0153329,0.000310494
2217,-0.000511055,-0.0153349,0.000310494
2218,-0.000510013,-0.0153349,0.000310494
2219,-0.000511055,-0.0153329,0.000310494
2220,-0.000510013,-0.0153329,0.000310494
2221,-0.000511055,-0.0153349,0.000312494
2222,-0.000510013,-0.0153349,0.000312494
2223,-0.000511055,-0.0153329,0.000312494
2224,-0.000510013,-0.0153329,0.000312494
2225,-0.000511055,-0.0153329,0.000312494
2226,-0.000510013,-0.0153329,0.000312494
2227,-0.000511055,-0.0153309,0.000312494
2228,-0.000510013,-0.0153309,0.000312494
2229,-0.000511055,-0.0153329,0.000314494
2230,-0.000510013,-0.0153329,0.000314494
2231,-0.000511055,-0.0153309,0.000314494
2232,-0.000510013,-0.0153309,0.000314494
2233,-0.000511055,-0.0153329,0.000314494
2234,-0.000510013,-0.0153329,0.000314494
2235,-0.000511055,-0.0153309,0.000314494
2236,-0.000510013,-0.0153309,0.000314494
2237,-0.000511055,-0.0153329,0.000316494
2238,-0.000510013,-0.0153329,0.000316494
2239,-0.000511055,-0.0153309,0.000316494
2240,-0.000510013,-0.0153309,0.000316494
2241,-0.000511055,-0.0153329,0.000316494
2242,-0.000510013,-0.0153329,0.000316494
2243,-0.000511055,-0.0153309,0.000316494
2244,-0.000510013,-0.0153309,0.000316494
2245,-0.000511055,-0.0153329,0.000318494
2246,-0.000510013,-0.0153329,0.000318494
2247,-0.000511055,-0.0153309,0.000318494
2248,-0.000510013,-0.0153309,0.000318494
2249,-0.000511055,-0.0153329,0.000318494
2250,-0.000510013,-0.0153329,0.000318494
2251,-0.000511055,-0.0153309,0.000318494
2252,-0.000510013,-0.0153309,0.000318494
2253,-0.000511055,-0.0153329,0.000320494
2254,-0.000510013,-0.0153329,0.000320494
2255,-0.000511055,-0.0153309,0.000320494
2256,-0.000510013,-0.0153309,0.000320494
2257,-0.000511055,-0.0153329,0.000320494
2258,-0.000510013,-0.0153329,0.000320494
2259,-0.000511055,-0.0153309,0.000320494
2260,-0.000510013,-0.0153309,0.000320494
2261,-0.000511055,-0.0153329,0.000322494
2262,-0.000510013,-0.0153329,0.000322494
2263,-0.000511055,-0.0153309,0.000322494
2264,-0.000510013,-0.0153309,0.000322494
2265,-0.000511055,-0.0153329,0.000302494
2266,-0.000510013,-0.0153329,0.000302494
2267,-0.000511055,-0.0153309,0.000302494
2268,-0.000510013,-0.0153309,0.000302494
2269,-0.000511055,-0.0153329,0.000304494
2270,-0.000510013,-0.0153329,0.000304494
2271,-0.000511055,-0.0153309,0.000304494
2272,-0.000510013,-0.0153309,0.000304494
2273,-0.000511055,-0.0153329,0.000304494
2274,-0.000510013,-0.0153329,0.000304494
2275,-0.000511055,-0.0153309,0.000304494
2276,-0.000510013,-0.0153309,0.000304494
2277,-0.000511055,-0.0153329,0.000306494
2278,-0.000510013,-0.0153329,0.000306494
2279,-0.000511055,-0.0153309,0.000306494
2280,-0.000510013,-0.0153309,0.000306494
2281,-0.000511055,-0.0153329,0.000306494
2282,-0.000510013,-0.0153329,0.000306494
2283,-0.000511055,-0.0153309,0.000306494
2284,-0.000510013,-0.0153309,0.000306494
2285,-0.000511055,-0.0153329,0.000308494
2286,-0.000510013,-0.0153329,0.000308494
2287,-0.000511055,-0.0153309,0.000308494
2288,-0.000510013,-0.0153309,0.000308494
2289,-0.000511055,-0.0153329,0.000308494
2290,-0.000510013,-0.0153329,0.000308494
2291,-0.000511055,-0.0153309,0.000308494
2292,-0.000510013,-0.0153309,0.000308494
2293,-0.000511055,-0.0153329,0.000310494
2294,-0.000510013,-0.0153329,0.000310494
2295,-0.000511055,-0.0153309,0.000310494
2296,-0.000510013,-0.0153309,0.000310494
2297,-0.000511055,-0.0153329,0.000310494
2298,-0.000510013,-0.0153329,0.000310494
2299,-0.000511055,-0.0153309,0.000310494
2300,-0.000510013,-0.0153309,0.000310494
2301,-0.000511055,-0.0153329,0.000312494
2302,-0.000510013,-0.0153329,0.000312494
2303,-0.000511055,-0.0153309,0.000312494
2304,-0.000510013,-0.0153309,0.000312494
2305,-0.000511055,-0.0153309,0.000312494
2306,-0.000510013,-0.0153309,0.000312494
2307,-0.000511055,-0.0153289,0.000312494
2308,-0.000510013,-0.0153289,0.000312494
2309,-0.000511055,-0.0153309,0.000314494
2310,-0.000510013,-0.0153309,0.000314494
2311,-0.000511055,-0.0153289,0.000314494
2312,-0.000510013,-0.0153289,0.000314494
2313,-0.000511055,-0.0153309,0.000314494
2314,-0.000510013,-0.0153309,0.000314494
2315,-0.000511055,-0.0153289,0.000314494
2316,-0.000510013,-0.0153289,0.000314494
2317,-0.000511055,-0.0153309,0.000316494
2318,-0.000510013,-0.0153309,0.000316494
2319,-0.000511055,-0.0153289,0.000316494
2320,-0.000510013,-0.0153289,0.000316494
2321,-0.000511055,-0.0153309,0.000316494
2322,-0.000510013,-0.0153309,0.000316494
2323,-0.000511055,-0.0153289,0.000316494
2324,-0.000510013,-0.0153289,0.000316494
2325,-0.000511055,-0.0153309,0.000318494
2326,-0.000510013,-0.0153309,0.000318494
2327,-0.000511055,-0.0153289,0.000318494
2328,-0.000510013,-0.0153289,0.000318494
2329,-0.000511055,-0.0153309,0.000318494
2330,-0.000510013,-0.0153309,0.000318494
2331,-0.000511055,-0.0153289,0.000318494
2332,-0.000510013,-0.0153289,0.000318494
2333,-0.000511055,-0.0153309,0.000320494
2334,-0.000510013,-0.0153309,0.000320494
2335,-0.000511055,-0.0153289,0.000320494
2336,-0.000510013,-0.0153289,0.000320494
2337,-0.000511055,-0.0153309,0.000320494
2338,-0.000510013,-0.0153309,0.000320494
2339,-0.000511055,-0.0153289,0.000320494
2340,-0.000510013,-0.0153289,0.000320494
2341,-0.000511055,-0.0153309,0.000322494
2342,-0.000510013,-0.0153309,0.000322494
2343,-0.000511055,-0.0153289,0.000322494
2344,-0.000510013,-0.0153289,0.000322494
2345,-0.000511055,-0.0153309,0.000302494
2346,-0.000510013,-0.0153309,0.000302494
2347,-0.000511055,-0.0153289,0.000302494
2348,-0.000510013,-0.0153289,0.000302494
2349,-0.000511055,-0.0153309,0.000304494
2350,-0.000510013,-0.0153309,0.000304494
2351,-0.000511055,-0.0153289,0.000304494
2352,-0.000510013,-0.0153289,0.000304494
2353,-0.000511055,-0.0153309,0.000304494
2354,-0.000510013,-0.0153309,0.000304494
2355,-0.000511055,-0.0153289,0.000304494
2356,-0.000510013,-0.0153289,0.000304494
2357,-0.000511055,-0.0153309,0.000306494
2358,-0.000510013,-0.0153309,0.000306494
2359,-0.000511055,-0.0153289,0.000306494
2360,-0.000510013,-0.0153289,0.000306494
2361,-0.000511055,-0.0153309,0.000306494
2362,-0.000510013,-0.0153309,0.000306494
2363,-0.000511055,-0.0153289,0.000306494
2364,-0.000510013,-0.0153289,0.000306494
2365,-0.000511055,-0.0153309,0.000308494
2366,-0.000510013,-0.0153309,0.000308494
2367,-0.000511055,-0.0153289,0.000308494
2368,-0.000510013,-0.0153289,0.000308494
2369,-0.000511055,-0.0153309,0.000308494
2370,-0.000510013,-0.0153309,0.000308494
2371,-0.000511055,-0.0153289,0.000308494
2372,-0.000510013,-0.0153289,0.000308494
2373,-0.000511055,-0.0153309,0.000310494
2374,-0.000510013,-0.0153309,0.000310494
2375,-0.000511055,-0.0153289,0.000310494
2376,-0.000510013,-0.0153289,0.000310494
2377,-0.000511055,-0.0153309,0.000310494
2378,-0.000510013,-0.0153309,0.000310494
2379,-0.000511055,-0.0153289,0.000310494
2380,-0.000510013,-0.0153289,0.000310494
2381,-0.000511055,-0.0153309,0.000312494
2382,-0.000510013,-0.0153309,0.000312494
2383,-0.000511055,-0.0153289,0.000312494
2384,-0.000510013,-0.0153289,0.000312494
2385,-0.000511055,-0.0153289,0.000312494
2386,-0.000510013,-0.0153289,0.000312494
2387,-0.000511055,-0.0153269,0.000312494
2388,-0.000510013,-0.0153269,0.000312494
2389,-0.000511055,-0.0153289,0.000314494
2390,-0.000510013,-0.0153289,0.000314494
2391,-0.000511055,-0.0153269,0.000314494
2392,-0.000510013,-0.0153269,0.000314494
2393,-0.000511055,-0.0153289,0.000314494
2394,-0.000510013,-0.0153289,0.000314494
2395,-0.000511055,-0.0153269,0.000314494
2396,-0.000510013,-0.0153269,0.000314494
2397,-0.000511055,-0.0153289,0.000316494
2398,-0.000510013,-0.0153289,0.000316494
2399,-0.000511055,-0.0153269,0.000316494
2400,-0.000510013,-0.0153269,0.000316494
2401,-0.000511055,-0.0153289,0.000316494
2402,-0.000510013,-0.0153289,0.000316494
2403,-0.000511055,-0.0153269,0.000316494
2404,-0.000510013,-0.0153269,0.000316494
2405,-0.000511055,-0.0153289,0.000318494
2406,-0.000510013,-0.0153289,0.000318494
2407,-0.000511055,-0.0153269,0.000318494
2408,-0.000510013,-0.0153269,0.000318494
2409,-0.000511055,-0.0153289,0.000318494
2410,-0.000510013,-0.0153289,0.000318494
2411,-0.000511055,-0.0153269,0.000318494
2412,-0.000510013,-0.0153269,0.000318494
2413,-0.000511055,-0.0153289,0.000320494
2414,-0.000510013,-0.0153289,0.000320494
2415,-0.000511055,-0.0153269,0.000320494
2416,-0.000510013,-0.0153269,0.000320494
2417,-0.000511055,-0.0153289,0.000320494
2418,-0.000510013,-0.0153289,0.000320494
2419,-0.000511055,-0.0153269,0.000320494
2420,-0.000510013,-0.0153269,0.000320494
2421,-0.000511055,-0.0153289,0.000322494
2422,-0.000510013,-0.0153289,0.000322494
2423,-0.000511055,-0.0153269,0.000322494
2424,-0.000510013,-0.0153269,0.000322494
2425,-0.000511055,-0.0153289,0.000306494
2426,-0.000510013,-0.0153289,0.000306494
2427,-0.000511055,-0.0153269,0.000306494
2428,-0.000510013,-0.0153269,0.000306494
2429,-0.000511055,-0.0153289,0.000308494
2430,-0.000510013,-0.0153289,0.000308494
2431,-0.000511055,-0.0153269,0.000308494
2432,-0.000510013,-0.0153269,0.000308494
2433,-0.000511055,-0.0153289,0.000308494
2434,-0.000510013,-0.0153289,0.000308494
2435,-0.000511055,-0.0153269,0.000308494
2436,-0.000510013,-0.0153269,0.000308494
2437,-0.000511055,-0.0153289,0.000310494
2438,-0.000510013,-0.0153289,0.000310494
2439,-0.000511055,-0.0153269,0.000310494
2440,-0.000510013,-0.0153269,0.000310494
2441,-0.000511055,-0.0153289,0.000310494
2442,-0.000510013,-0.0153289,0.000310494
2443,-0.000511055,-0.0153269,0.000310494
2444,-0.000510013,-0.0153269,0.000310494
2445,-0.000511055,-0.0153289,0.000312494
2446,-0.000510013,-0.0153289,0.000312494
2447,-0.000511055,-0.0153269,0.000312494
2448,-0.000510013,-0.0153269,0.000312494
2449,-0.000533055,-0.0153269,0.000312494
2450,-0.000531055,-0.0153269,0.000312494
2451,-0.000533055,-0.0153249,0.000312494
2452,-0.000531055,-0.0153249,0.000312494
2453,-0.000533055,-0.0153269,0.000314494
2454,-0.000531055,-0.0153269,0.000314494
2455,-0.000533055,-0.0153249,0.000314494
2456,-0.000531055,-0.0153249,0.000314494
2457,-0.000533055,-0.0153269,0.000314494
2458,-0.000531055,-0.0153269,0.000314494
2459,-0.000533055,-0.0153249,0.000314494
2460,-0.000531055,-0.0153249,0.000314494
2461,-0.000533055,-0.0153269,0.000316494
2462,-0.000531055,-0.0153269,0.000316494
2463,-0.000533055,-0.0153249,0.000316494
2464,-0.000531055,-0.0153249,0.000316494
2465,-0.000533055,-0.0153269,0.000316494
2466,-0.000531055,-0.0153269,0.000316494
2467,-0.000533055,-0.0153249,0.000316494
2468,-0.000531055,-0.0153249,0.000316494
2469,-0.000533055,-0.0153269,0.000318494
2470,-0.000531055,-0.0153269,0.000318494
2471,-0.000533055,-0.0153249,0.000318494
2472,-0.000531055,-0.0153249,0.000318494
2473,-0.000533055,-0.0153269,0.000318494
2474,-0.000531055,-0.0153269,0.000318494
2475,-0.000533055,-0.0153249,0.000318494
2476,-0.000531055,-0.0153249,0.000318494
2477,-0.000533055,-0.0153269,0.000320494
2478,-0.000531055,-0.0153269,0.000320494
2479,-0.000533055,-0.0153249,0.000320494
2480,-0.000531055,-0.0153249,0.000320494
2481,-0.000533055,-0.0153269,0.000310494
2482,-0.000531055,-0.0153269,0.000310494
2483,-0.000533055,-0.0153249,0.000310494
2484,-0.000531055,-0.0153249,0.000310494
2485,-0.000533055,-0.0153269,0.000312494
2486,-0.000531055,-0.0153269,0.000312494
2487,-0.000533055,-0.0153249,0.000312494
2488,-0.000531055,-0.0153249,0.000312494
2489,-0.000533055,-0.0153369,0.000312494
2490,-0.000531055,-0.0153369,0.000312494
2491,-0.000533055,-0.0153349,0.000312494
2492,-0.000531055,-0.0153349,0.000312494
2493,-0.000533055,-0.0153369,0.000314494
2494,-0.000531055,-0.0153369,0.000314494
2495,-0.000533055,-0.0153349,0.000314494
2496,-0.000531055,-0.0153349,0.000314494
2497,-0.000533055,-0.0153369,0.000314494
2498,-0.000531055,-0.0153369,0.000314494
2499,-0.000533055,-0.0153349,0.000314494
2500,-0.000531055,-0.0153349,0.000314494
2501,-0.000533055,-0.0153369,0.000316494
2502,-0.000531055,-0.0153369,0.000316494
2503,-0.000533055,-0.0153349,0.000316494
2504,-0.000531055,-0.0153349,0.000316494
2505,-0.000533055,-0.0153369,0.000316494
2506,-0.000531055,-0.0153369,0.000316494
2507,-0.000533055,-0.0153349,0.000316494
2508,-0.000531055,-0.0153349,0.000316494
2509,-0.000533055,-0.0153369,0.000318494
2510,-0.000531055,-0.0153369,0.000318494
2511,-0.000533055,-0.0153349,0.000318494
2512,-0.000531055,-0.0153349,0.000318494
2513,-0.000533055,-0.0153369,0.000318494
2514,-0.000531055,-0.0153369,0.000318494
2515,-0.000533055,-0.0153349,0.000318494
2516,-0.000531055,-0.0153349,0.000318494
2517,-0.000533055,-0.0153369,0.000320494
2518,-0.000531055,-0.0153369,0.000320494
2519,-0.000533055,-0.0153349,0.000320494
2520,-0.000531055,-0.0153349,0.000320494
2521,-0.000533055,-0.0153369,0.000310494
2522,-0.000531055,-0.0153369,0.000310494
2523,-0.000533055,-0.0153349,0.000310494
2524,-0.000531055,-0.0153349,0.000310494
2525,-0.000533055,-0.0153369,0.000312494
2526,-0.000531055,-0.0153369,0.000312494
2527,-0.000533055,-0.0153349,0.000312494
2528,-0.000531055,-0.0153349,0.000312494
2529,-0.000533055,-0.0153349,0.000312494
2530,-0.000531055,-0.0153349,0.000312494
2531,-0.000533055,-0.0153329,0.000312494
2532,-0.000531055,-0.0153329,0.000312494
2533,-0.000533055,-0.0153349,0.000314494
2534,-0.000531055,-0.0153349,0.000314494
2535,-0.000533055,-0.0153329,0.000314494
2536,-0.000531055,-0.0153329,0.000314494
2537,-0.000533055,-0.0153349,0.000314494
2538,-0.000531055,-0.0153349,0.000314494
2539,-0.000533055,-0.0153329,0.000314494
2540,-0.000531055,-0.0153329,0.000314494
2541,-0.000533055,-0.0153349,0.000316494
2542,-0.000531055,-0.0153349,0.000316494
2543,-0.000533055,-0.0153329,0.000316494
2544,-0.000531055,-0.0153329,0.000316494
2545,-0.000533055,-0.0153349,0.000316494
2546,-0.000531055,-0.0153349,0.000316494
2547,-0.000533055,-0.0153329,0.000316494
2548,-0.000531055,-0.0153329,0.000316494
2549,-0.000533055,-0.0153349,0.000318494
2550,-0.000531055,-0.0153349,0.000318494
2551,-0.000533055,-0.0153329,0.000318494
2552,-0.000531055,-0.0153329,0.000318494
2553,-0.000533055,-0.0153349,0.000318494
2554,-0.000531055,-0.0153349,0.000318494
2555,-0.000533055,-0.0153329,0.000318494
2556,-0.000531055,-0.0153329,0.000318494
2557,-0.000533055,-0.0153349,0.000320494
2558,-0.000531055,-0.0153349,0.000320494
2559,-0.000533055,-0.0153329,0.000320494
2560,-0.000531055,-0.0153329,0.000320494
2561,-0.000533055,-0.0153349,0.000320494
2562,-0.000531055,-0.0153349,0.000320494
2563,-0.000533055,-0.0153329,0.000320494
2564,-0.000531055,-0.0153329,0.000320494
2565,-0.000533055,-0.0153349,0.000322494
2566,-0.000531055,-0.0153349,0.000322494
2567,-0.000533055,-0.0153329,0.000322494
2568,-0.000531055,-0.0153329,0.000322494
2569,-0.000533055,-0.0153349,0.000322494
2570,-0.000531055,-0.0153349,0.000322494
2571,-0.000533055,-0.0153329,0.000322494
2572,-0.000531055,-0.0153329,0.000322494
2573,-0.000533055,-0.0153349,0.000324494
2574,-0.000531055,-0.0153349,0.000324494
2575,-0.000533055,-0.0153329,0.000324494
2576,-0.000531055,-0.0153329,0.000324494
2577,-0.000533055,-0.0153349,0.000310494
2578,-0.000531055,-0.0153349,0.000310494
2579,-0.000533055,-0.0153329,0.000310494
2580,-0.000531055,-0.0153329,0.000310494
2581,-0.000533055,-0.0153349,0.000312494
2582,-0.000531055,-0.0153349,0.000312494
2583,-0.000533055,-0.0153329,0.000312494
2584,-0.000531055,-0.0153329,0.000312494
2585,-0.000533055,-0.0153329,0.000312494
2586,-0.000531055,-0.0153329,0.000312494
2587,-0.000533055,-0.0153309,0.000312494
2588,-0.000531055,-0.0153309,0.000312494
2589,-0.000533055,-0.0153329,0.000314494
2590,-0.000531055,-0.0153329,0.000314494
2591,-0.000533055,-0.0153309,0.000314494
2592,-0.000531055,-0.0153309,0.000314494
2593,-0.000533055,-0.0153329,0.000318494
2594,-0.000531055,-0.0153329,0.000318494
2595,-0.000533055,-0.0153309,0.000318494
2596,-0.000531055,-0.0153309,0.000318494
2597,-0.000533055,-0.0153329,0.000320494
2598,-0.000531055,-0.0153329,0.000320494
2599,-0.000533055,-0.0153309,0.000320494
2600,-0.000531055,-0.0153309,0.000320494
2601,-0.000533055,-0.0153329,0.000320494
2602,-0.000531055,-0.0153329,0.000320494
2603,-0.000533055,-0.0153309,0.000320494
2604,-0.000531055,-0.0153309,0.000320494
2605,-0.000533055,-0.0153329,0.000322494
2606,-0.000531055,-0.0153329,0.000322494
2607,-0.000533055,-0.0153309,0.000322494
2608,-0.000531055,-0.0153309,0.000322494
2609,-0.000533055,-0.0153329,0.000322494
2610,-0.000531055,-0.0153329,0.000322494
2611,-0.000533055,-0.0153309,0.000322494
2612,-0.000531055,-0.0153309,0.000322494
2613,-0.000533055,-0.0153329,0.000324494
2614,-0.000531055,-0.0153329,0.000324494
2615,-0.000533055,-0.0153309,0.000324494
2616,-0.000531055,-0.0153309,0.000324494
2617,-0.000533055,-0.0153329,0.000308494
2618,-0.000531055,-0.0153329,0.000308494
2619,-0.000533055,-0.0153309,0.000308494
2620,-0.000531055,-0.0153309,0.000308494
2621,-0.000533055,-0.0153329,0.000310494
2622,-0.000531055,-0.0153329,0.000310494
2623,-0.000533055,-0.0153309,0.000310494
2624,-0.000531055,-0.0153309,0.000310494
2625,-0.000533055,-0.0153329,0.000310494
2626,-0.000531055,-0.0153329,0.000310494
2627,-0.000533055,-0.0153309,0.000310494
2628,-0.000531055,-0.0153309,0.000310494
2629,-0.000533055,-0.0153329,0.000312494
2630,-0.000531055,-0.0153329,0.000312494
2631,-0.000533055,-0.0153309,0.000312494
2632,-0.000531055,-0.0153309,0.000312494
2633,-0.000533055,-0.0153309,0.000312494
2634,-0.000531055,-0.0153309,0.000312494
2635,-0.000533055,-0.0153289,0.000312494
2636,-0.000531055,-0.0153289,0.000312494
2637,-0.000533055,-0.0153309,0.000314494
2638,-0.000531055,-0.0153309,0.000314494
2639,-0.000533055,-0.0153289,0.000314494
2640,-0.000531055,-0.0153289,0.000314494
2641,-0.000533055,-0.0153309,0.000318494
2642,-0.000531055,-0.0153309,0.000318494
2643,-0.000533055,-0.0153289,0.000318494
2644,-0.000531055,-0.0153289,0.000318494
2645,-0.000533055,-0.0153309,0.000320494
2646,-0.000531055,-0.0153309,0.000320494
2647,-0.000533055,-0.0153289,0.000320494
2648,-0.000531055,-0.0153289,0.000320494
2649,-0.000533055,-0.0153309,0.000320494
2650,-0.000531055,-0.0153309,0.000320494
2651,-0.000533055,-0.0153289,0.000320494
2652,-0.000531055,-0.0153289,0.000320494
2653,-0.000533055,-0.0153309,0.000322494
2654,-0.000531055,-0.0153309,0.000322494
2655,-0.000533055,-0.0153289,0.000322494
2656,-0.000531055,-0.0153289,0.000322494
2657,-0.000533055,-0.0153309,0.000322494
2658,-0.000531055,-0.0153309,0.000322494
2659,-0.000533055,-0.0153289,0.000322494
2660,-0.000531055,-0.0153289,0.000322494
2661,-0.000533055,-0.0153309,0.000324494
2662,-0.000531055,-0.0153309,0.000324494
2663,-0.000533055,-0.0153289,0.000324494
2664,-0.000531055,-0.0153289,0.000324494
2665,-0.000533055,-0.0153309,0.000308494
2666,-0.000531055,-0.0153309,0.000308494
2667,-0.000533055,-0.0153289,0.000308494
2668,-0.000531055,-0.0153289,0.000308494
2669,-0.000533055,-0.0153309,0.000310494
2670,-0.000531055,-0.0153309,0.000310494
2671,-0.000533055,-0.0153289,0.000310494
2672,-0.000531055,-0.0153289,0.000310494
2673,-0.000533055,-0.0153309,0.000310494
2674,-0.000531055,-0.0153309,0.000310494
2675,-0.000533055,-0.0153289,0.000310494
2676,-0.000531055,-0.0153289,0.000310494
2677,-0.000533055,-0.0153309,0.000312494
2678,-0.000531055,-0.0153309,0.000312494
2679,-0.000533055,-0.0153289,0.000312494
2680,-0.000531055,-0.0153289,0.000312494
2681,-0.000533055,-0.0153289,0.000312494
2682,-0.000531055,-0.0153289,0.000312494
2683,-0.000533055,-0.0153269,0.000312494
2684,-0.000531055,-0.0153269,0.000312494
2685,-0.000533055,-0.0153289,0.000314494
2686,-0.000531055,-0.0153289,0.000314494
2687,-0.000533055,-0.0153269,0.000314494
2688,-0.000531055,-0.0153269,0.000314494
2689,-0.000533055,-0.0153289,0.000314494
2690,-0.000531055,-0.0153289,0.000314494
2691,-0.000533055,-0.0153269,0.000314494
2692,-0.000531055,-0.0153269,0.000314494
2693,-0.000533055,-0.0153289,0.000316494
2694,-0.000531055,-0.0153289,0.000316494
2695,-0.000533055,-0.0153269,0.000316494
2696,-0.000531055,-0.0153269,0.000316494
2697,-0.000533055,-0.0153289,0.000316494
2698,-0.000531055,-0.0153289,0.000316494
2699,-0.000533055,-0.0153269,0.000316494
2700,-0.000531055,-0.0153269,0.000316494
2701,-0.000533055,-0.0153289,0.000318494
2702,-0.000531055,-0.0153289,0.000318494
2703,-0.000533055,-0.0153269,0.000318494
2704,-0.000531055,-0.0153269,0.000318494
2705,-0.000533055,-0.0153289,0.000318494
2706,-0.000531055,-0.0153289,0.000318494
2707,-0.000533055,-0.0153269,0.000318494
2708,-0.000531055,-0.0153269,0.000318494
2709,-0.000533055,-0.0153289,0.000320494
2710,-0.000531055,-0.0153289,0.000320494
2711,-0.000533055,-0.0153269,0.000320494
2712,-0.000531055,-0.0153269,0.000320494
2713,-0.000533055,-0.0153289,0.000320494
2714,-0.000531055,-0.0153289,0.000320494
2715,-0.000533055,-0.0153269,0.000320494
2716,-0.000531055,-0.0153269,0.000320494
2717,-0.000533055,-0.0153289,0.000322494
2718,-0.000531055,-0.0153289,0.000322494
2719,-0.000533055,-0.0153269,0.000322494
2720,-0.000531055,-0.0153269,0.000322494
2721,-0.000533055,-0.0153289,0.000322494
2722,-0.000531055,-0.0153289,0.000322494
2723,-0.000533055,-0.0153269,0.000322494
2724,-0.000531055,-0.0153269,0.000322494
2725,-0.000533055,-0.0153289,0.000324494
2726,-0.000531055,-0.0153289,0.000324494
2727,-0.000533055,-0.0153269,0.000324494
2728,-0.000531055,-0.0153269,0.000324494
2729,-0.000533055,-0.0153289,0.000310494
2730,-0.000531055,-0.0153289,0.000310494
2731,-0.000533055,-0.0153269,0.000310494
2732,-0.000531055,-0.0153269,0.000310494
2733,-0.000533055,-0.0153289,0.000312494
2734,-0.000531055,-0.0153289,0.000312494
2735,-0.000533055,-0.0153269,0.000312494
2736,-0.000531055,-0.0153269,0.000312494
2737,-0.000531055,-0.0153269,0.000312494
2738,-0.000529055,-0.0153269,0.000312494
2739,-0.000531055,-0.0153249,0.000312494
2740,-0.000529055,-0.0153249,0.000312494
2741,-0.000531055,-0.0153269,0.000314494
2742,-0.000529055,-0.0153269,0.000314494
2743,-0.000531055,-0.0153249,0.000314494
2744,-0.000529055,-0.0153249,0.000314494
2745,-0.000531055,-0.0153269,0.000314494
2746,-0.000529055,-0.0153269,0.000314494
2747,-0.000531055,-0.0153249,0.000314494
2748,-0.000529055,-0.0153249,0.000314494
2749,-0.000531055,-0.0153269,0.000316494
2750,-0.000529055,-0.0153269,0.000316494
2751,-0.000531055,-0.0153249,0.000316494
2752,-0.000529055,-0.0153249,0.000316494
2753,-0.000531055,-0.0153269,0.000316494
2754,-0.000529055,-0.0153269,0.000316494
2755,-0.000531055,-0.0153249,0.000316494
2756,-0.000529055,-0.0153249,0.000316494
2757,-0.000531055,-0.0153269,0.000318494
2758,-0.000529055,-0.0153269,0.000318494
2759,-0.000531055,-0.0153249,0.000318494
2760,-0.000529055,-0.0153249,0.000318494
2761,-0.000531055,-0.0153269,0.000318494
2762,-0.000529055,-0.0153269,0.000318494
2763,-0.000531055,-0.0153249,0.000318494
2764,-0.000529055,-0.0153249,0.000318494
2765,-0.000531055,-0.0153269,0.000320494
2766,-0.000529055,-0.0153269,0.000320494
2767,-0.000531055,-0.0153249,0.000320494
2768,-0.000529055,-0.0153249,0.000320494
2769,-0.000531055,-0.0153269,0.000320494
2770,-0.000529055,-0.0153269,0.000320494
2771,-0.000531055,-0.0153249,0.000320494
2772,-0.000529055,-0.0153249,0.000320494
2773,-0.000531055,-0.0153269,0.000322494
2774,-0.000529055,-0.0153269,0.000322494
2775,-0.000531055,-0.0153249,0.000322494
2776,-0.000529055,-0.0153249,0.000322494
2777,-0.000531055,-0.0153269,0.000322494
2778,-0.000529055,-0.0153269,0.000322494
2779,-0.000531055,-0.0153249,0.000322494
2780,-0.000529055,-0.0153249,0.000322494
2781,-0.000531055,-0.0153269,0.000324494
2782,-0.000529055,-0.0153269,0.000324494
2783,-0.000531055,-0.0153249,0.000324494
2784,-0.000529055,-0.0153249,0.000324494
2785,-0.000531055,-0.0153269,0.000304494
2786,-0.000529055,-0.0153269,0.000304494
2787,-0.000531055,-0.0153249,0.000304494
2788,-0.000529055,-0.0153249,0.000304494
2789,-0.000531055,-0.0153269,0.000306494
2790,-0.000529055,-0.0153269,0.000306494
2791,-0.000531055,-0.0153249,0.000306494
2792,-0.000529055,-0.0153249,0.000306494
2793,-0.000531055,-0.0153269,0.000306494
2794,-0.000529055,-0.0153269,0.000306494
2795,-0.000531055,-0.0153249,0.000306494
2796,-0.000529055,-0.0153249,0.000306494
2797,-0.000531055,-0.0153269,0.000308494
2798,-0.000529055,-0.0153269,0.000308494
2799,-0.000531055,-0.0153249,0.000308494
2800,-0.000529055,-0.0153249,0.000308494
2801,-0.000531055,-0.0153269,0.000308494
2802,-0.000529055,-0.0153269,0.000308494
2803,-0.000531055,-0.0153249,0.000308494
2804,-0.000529055,-0.0153249,0.000308494
2805,-0.000531055,-0.0153269,0.000310494
2806,-0.000529055,-0.0153269,0.000310494
2807,-0.000531055,-0.0153249,0.000310494
2808,-0.000529055,-0.0153249,0.000310494
2809,-0.000531055,-0.0153269,0.000310494
2810,-0.000529055,-0.0153269,0.000310494
2811,-0.000531055,-0.0153249,0.000310494
2812,-0.000529055,-0.0153249,0.000310494
2813,-0.000531055,-0.0153269,0.000312494
2814,-0.000529055,-0.0153269,0.000312494
2815,-0.000531055,-0.0153249,0.000312494
2816,-0.000529055,-0.0153249,0.000312494
2817,-0.000531055,-0.0153249,0.000312494
2818,-0.000529055,-0.0153249,0.000312494
2819,-0.000531055,-0.0153229,0.000312494
2820,-0.000529055,-0.0153229,0.000312494
2821,-0.000531055,-0.0153249,0.000314494
2822,-0.000529055,-0.0153249,0.000314494
2823,-0.000531055,-0.0153229,0.000314494
2824,-0.000529055,-0.0153229,0.000314494
2825,-0.000531055,-0.0153249,0.000314494
2826,-0.000529055,-0.0153249,0.000314494
2827,-0.000531055,-0.0153229,0.000314494
2828,-0.000529055,-0.0153229,0.000314494
2829,-0.000531055,-0.0153249,0.000316494
2830,-0.000529055,-0.0153249,0.000316494
2831,-0.000531055,-0.0153229,0.000316494
2832,-0.000529055,-0.0153229,0.000316494
2833,-0.000531055,-0.0153249,0.000306494
2834,-0.000529055,-0.0153249,0.000306494
2835,-0.000531055,-0.0153229,0.000306494
2836,-0.000529055,-0.0153229,0.000306494
2837,-0.000531055,-0.0153249,0.000308494
2838,-0.000529055,-0.0153249,0.000308494
2839,-0.000531055,-0.0153229,0.000308494
2840,-0.000529055,-0.0153229,0.000308494
2841,-0.000531055,-0.0153249,0.000308494
2842,-0.000529055,-0.0153249,0.000308494
2843,-0.000531055,-0.0153229,0.000308494
2844,-0.000529055,-0.0153229,0.000308494
2845,-0.000531055,-0.0153249,0.000310494
2846,-0.000529055,-0.0153249,0.000310494
2847,-0.000531055,-0.0153229,0.000310494
2848,-0.000529055,-0.0153229,0.000310494
2849,-0.000531055,-0.0153249,0.000310494
2850,-0.000529055,-0.0153249,0.000310494
2851,-0.000531055,-0.0153229,0.000310494
2852,-0.000529055,-0.0153229,0.000310494
2853,-0.000531055,-0.0153249,0.000312494
2854,-0.000529055,-0.0153249,0.000312494
2855,-0.000531055,-0.0153229,0.000312494
2856,-0.000529055,-0.0153229,0.000312494
2857,-0.000531055,-0.0153429,0.000296494
2858,-0.000529055,-0.0153429,0.000296494
2859,-0.000531055,-0.0153409,0.000296494
2860,-0.000529055,-0.0153409,0.000296494
2861,-0.000531055,-0.0153429,0.000298494
2862,-0.000529055,-0.0153429,0.000298494
2863,-0.000531055,-0.0153409,0.000298494
2864,-0.000529055,-0.0153409,0.000298494
2865,-0.000531055,-0.0153429,0.000298494
2866,-0.000529055,-0.0153429,0.000298494
2867,-0.000531055,-0.0153409,0.000298494
2868,-0.000529055,-0.0153409,0.000298494
2869,-0.000531055,-0.0153429,0.000300494
2870,-0.000529055,-0.0153429,0.000300494
2871,-0.000531055,-0.0153409,0.000300494
2872,-0.000529055,-0.0153409,0.000300494
2873,-0.000531055,-0.0153429,0.000300494
2874,-0.000529055,-0.0153429,0.000300494
2875,-0.000531055,-0.0153409,0.000300494
2876,-0.000529055,-0.0153409,0.000300494
2877,-0.000531055,-0.0153429,0.000302494
2878,-0.000529055,-0.0153429,0.000302494
2879,-0.000531055,-0.0153409,0.000302494
2880,-0.000529055,-0.0153409,0.000302494
2881,-0.000531055,-0.0153429,0.000302494
2882,-0.000529055,-0.0153429,0.000302494
2883,-0.000531055,-0.0153409,0.000302494
2884,-0.000529055,-0.0153409,0.000302494
2885,-0.000531055,-0.0153429,0.000304494
2886,-0.000529055,-0.0153429,0.000304494
2887,-0.000531055,-0.0153409,0.000304494
2888,-0.000529055,-0.0153409,0.000304494
2889,-0.000531055,-0.0153429,0.000304494
2890,-0.000529055,-0.0153429,0.000304494
2891,-0.000531055,-0.0153409,0.000304494
2892,-0.000529055,-0.0153409,0.000304494
2893,-0.000531055,-0.0153429,0.000306494
2894,-0.000529055,-0.0153429,0.000306494
2895,-0.000531055,-0.0153409,0.000306494
2896,-0.000529055,-0.0153409,0.000306494
2897,-0.000531055,-0.0153409,0.000296494
2898,-0.000529055,-0.0153409,0.000296494
2899,-0.000531055,-0.0153389,0.000296494
2900,-0.000529055,-0.0153389,0.000296494
2901,-0.000531055,-0.0153409,0.000298494
2902,-0.000529055,-0.0153409,0.000298494
2903,-0.000531055,-0.0153389,0.000298494
2904,-0.000529055,-0.0153389,0.000298494
2905,-0.000531055,-0.0153409,0.000298494
2906,-0.000529055,-0.0153409,0.000298494
2907,-0.000531055,-0.0153389,0.000298494
2908,-0.000529055,-0.0153389,0.000298494
2909,-0.000531055,-0.0153409,0.000300494
2910,-0.000529055,-0.0153409,0.000300494
2911,-0.000531055,-0.0153389,0.000300494
2912,-0.000529055,-0.0153389,0.000300494
2913,-0.000531055,-0.0153409,0.000300494
2914,-0.000529055,-0.0153409,0.000300494
2915,-0.000531055,-0.0153389,0.000300494
2916,-0.000529055,-0.0153389,0.000300494
2917,-0.000531055,-0.0153409,0.000302494
2918,-0.000529055,-0.0153409,0.000302494
2919,-0.000531055,-0.0153389,0.000302494
2920,-0.000529055,-0.0153389,0.000302494
2921,-0.000531055,-0.0153409,0.000302494
2922,-0.000529055,-0.0153409,0.000302494
2923,-0.000531055,-0.0153389,0.000302494
2924,-0.000529055,-0.0153389,0.000302494
2925,-0.000531055,-0.0153409,0.000304494
2926,-0.000529055,-0.0153409,0.000304494
2927,-0.000531055,-0.0153389,0.000304494
2928,-0.000529055,-0.0153389,0.000304494
2929,-0.000531055,-0.0153409,0.000304494
2930,-0.000529055,-0.0153409,0.000304494
2931,-0.000531055,-0.0153389,0.000304494
2932,-0.000529055,-0.0153389,0.000304494
2933,-0.000531055,-0.0153409,0.000306494
2934,-0.000529055,-0.0153409,0.000306494
2935,-0.000531055,-0.0153389,0.000306494
2936,-0.000529055,-0.0153389,0.000306494
2937,-0.000531055,-0.0153409,0.000306494
2938,-0.000529055,-0.0153409,0.000306494
2939,-0.000531055,-0.0153389,0.000306494
2940,-0.000529055,-0.0153389,0.000306494
2941,-0.000531055,-0.0153409,0.000308494
2942,-0.000529055,-0.0153409,0.000308494
2943,-0.000531055,-0.0153389,0.000308494
2944,-0.000529055,-0.0153389,0.000308494
2945,-0.000531055,-0.0153409,0.000308494
2946,-0.000529055,-0.0153409,0.000308494
2947,-0.000531055,-0.0153389,0.000308494
2948,-0.000529055,-0.0153389,0.000308494
2949,-0.000531055,-0.0153409,0.000310494
2950,-0.000529055,-0.0153409,0.000310494
2951,-0.000531055,-0.0153389,0.000310494
2952,-0.000529055,-0.0153389,0.000310494
2953,-0.000531055,-0.0153389,0.000312494
2954,-0.000529055,-0.0153389,0.000312494
2955,-0.000531055,-0.0153369,0.000312494
2956,-0.000529055,-0.0153369,0.000312494
2957,-0.000531055,-0.0153389,0.000314494
2958,-0.000529055,-0.0153389,0.000314494
2959,-0.000531055,-0.0153369,0.000314494
2960,-0.000529055,-0.0153369,0.000314494
2961,-0.000531055,-0.0153389,0.000314494
2962,-0.000529055,-0.0153389,0.000314494
2963,-0.000531055,-0.0153369,0.000314494
2964,-0.000529055,-0.0153369,0.000314494
2965,-0.000531055,-0.0153389,0.000316494
2966,-0.000529055,-0.0153389,0.000316494
2967,-0.000531055,-0.0153369,0.000316494
2968,-0.000529055,-0.0153369,0.000316494
2969,-0.000531055,-0.0153389,0.000316494
2970,-0.000529055,-0.0153389,0.000316494
2971,-0.000531055,-0.0153369,0.000316494
2972,-0.000529055,-0.0153369,0.000316494
2973,-0.000531055,-0.0153389,0.000318494
2974,-0.000529055,-0.0153389,0.000318494
2975,-0.000531055,-0.0153369,0.000318494
2976,-0.000529055,-0.0153369,0.000318494
2977,-0.000531055,-0.0153389,0.000296494
2978,-0.000529055,-0.0153389,0.000296494
2979,-0.000531055,-0.0153369,0.000296494
2980,-0.000529055,-0.0153369,0.000296494
2981,-0.000531055,-0.0153389,0.000298494
2982,-0.000529055,-0.0153389,0.000298494
2983,-0.000531055,-0.0153369,0.000298494
2984,-0.000529055,-0.0153369,0.000298494
2985,-0.000531055,-0.0153389,0.000298494
2986,-0.000529055,-0.0153389,0.000298494
2987,-0.000531055,-0.0153369,0.000298494
2988,-0.000529055,-0.0153369,0.000298494
2989,-0.000531055,-0.0153389,0.000300494
2990,-0.000529055,-0.0153389,0.000300494
2991,-0.000531055,-0.0153369,0.000300494
2992,-0.000529055,-0.0153369,0.000300494
2993,-0.000531055,-0.0153389,0.000300494
2994,-0.000529055,-0.0153389,0.000300494
2995,-0.000531055,-0.0153369,0.000300494
2996,-0.000529055,-0.0153369,0.000300494
2997,-0.000531055,-0.0153389,0.000302494
2998,-0.000529055,-0.0153389,0.000302494
2999,-0.000531055,-0.0153369,0.000302494
3000,-0.000529055,-0.0153369,0.000302494
3001,-0.000531055,-0.0153389,0.000302494
3002,-0.000529055,-0.0153389,0.000302494
3003,-0.000531055,-0.0153369,0.000302494
3004,-0.000529055,-0.0153369,0.000302494
3005,-0.000531055,-0.0153389,0.000304494
3006,-0.000529055,-0.0153389,0.000304494
3007,-0.000531055,-0.0153369,0.000304494
3008,-0.000529055,-0.0153369,0.000304494
3009,-0.000531055,-0.0153389,0.000304494
3010,-0.000529055,-0.0153389,0.000304494
3011,-0.000531055,-0.0153369,0.000304494
3012,-0.000529055,-0.0153369,0.000304494
3013,-0.000531055,-0.0153389,0.000306494
3014,-0.000529055,-0.0153389,0.000306494
3015,-0.000531055,-0.0153369,0.000306494
3016,-0.000529055,-0.0153369,0.000306494
3017,-0.000531055,-0.0153389,0.000306494
3018,-0.000529055,-0.0153389,0.000306494
3019,-0.000531055,-0.0153369,0.000306494
3020,-0.000529055,-0.0153369,0.000306494
3021,-0.000531055,-0.0153389,0.000308494
3022,-0.000529055,-0.0153389,0.000308494
3023,-0.000531055,-0.0153369,0.000308494
3024,-0.000529055,-0.0153369,0.000308494
3025,-0.000531055,-0.0153389,0.000308494
3026,-0.000529055,-0.0153389,0.000308494
3027,-0.000531055,-0.0153369,0.000308494
3028,-0.000529055,-0.0153369,0.000308494
3029,-0.000531055,-0.0153389,0.000310494
3030,-0.000529055,-0.0153389,0.000310494
3031,-0.000531055,-0.0153369,0.000310494
3032,-0.000529055,-0.0153369,0.000310494
3033,-0.000531055,-0.0153389,0.000310494
3034,-0.000529055,-0.0153389,0.000310494
3035,-0.000531055,-0.0153369,0.000310494
3036,-0.000529055,-0.0153369,0.000310494
3037,-0.000531055,-0.0153389,0.000312494
3038,-0.000529055,-0.0153389,0.000312494
3039,-0.000531055,-0.0153369,0.000312494
3040,-0.000529055,-0.0153369,0.000312494
3041,-0.000531055,-0.0153369,0.000312494
3042,-0.000529055,-0.0153369,0.000312494
3043,-0.000531055,-0.0153349,0.000312494
3044,-0.000529055,-0.0153349,0.000312494
3045,-0.000531055,-0.0153369,0.000314494
3046,-0.000529055,-0.0153369,0.000314494
3047,-0.000531055,-0.0153349,0.000314494
3048,-0.000529055,-0.0153349,0.000314494
3049,-0.000531055,-0.0153369,0.000314494
3050,-0.000529055,-0.0153369,0.000314494
3051,-0.000531055,-0.0153349,0.000314494
3052,-0.000529055,-0.0153349,0.000314494
3053,-0.000531055,-0.0153369,0.000316494
3054,-0.000529055,-0.0153369,0.000316494
3055,-0.000531055,-0.0153349,0.000316494
3056,-0.000529055,-0.0153349,0.000316494
3057,-0.000531055,-0.0153369,0.000316494
3058,-0.000529055,-0.0153369,0.000316494
3059,-0.000531055,-0.0153349,0.000316494
3060,-0.000529055,-0.0153349,0.000316494
3061,-0.000531055,-0.0153369,0.000318494
3062,-0.000529055,-0.0153369,0.000318494
3063,-0.000531055,-0.0153349,0.000318494
3064,-0.000529055,-0.0153349,0.000318494
3065,-0.000531055,-0.0153369,0.000318494
3066,-0.000529055,-0.0153369,0.000318494
3067,-0.000531055,-0.0153349,0.000318494
3068,-0.000529055,-0.0153349,0.000318494
3069,-0.000531055,-0.0153369,0.000320494
3070,-0.000529055,-0.0153369,0.000320494
3071,-0.000531055,-0.0153349,0.000320494
3072,-0.000529055,-0.0153349,0.000320494
3073,-0.000531055,-0.0153369,0.000320494
3074,-0.000529055,-0.0153369,0.000320494
3075,-0.000531055,-0.0153349,0.000320494
3076,-0.000529055,-0.0153349,0.000320494
3077,-0.000531055,-0.0153369,0.000322494
3078,-0.000529055,-0.0153369,0.000322494
3079,-0.000531055,-0.0153349,0.000322494
3080,-0.000529055,-0.0153349,0.000322494
3081,-0.000531055,-0.0153369,0.000322494
3082,-0.000529055,-0.0153369,0.000322494
3083,-0.000531055,-0.0153349,0.000322494
3084,-0.000529055,-0.0153349,0.000322494
3085,-0.000531055,-0.0153369,0.000324494
3086,-0.000529055,-0.0153369,0.000324494
3087,-0.000531055,-0.0153349,0.000324494
3088,-0.000529055,-0.0153349,0.000324494
3089,-0.000531055,-0.0153369,0.000298494
3090,-0.000529055,-0.0153369,0.000298494
3091,-0.000531055,-0.0153349,0.000298494
3092,-0.000529055,-0.0153349,0.000298494
3093,-0.000531055,-0.0153369,0.000300494
3094,-0.000529055,-0.0153369,0.000300494
3095,-0.000531055,-0.0153349,0.000300494
3096,-0.000529055,-0.0153349,0.000300494
3097,-0.000531055,-0.0153369,0.000300494
3098,-0.000529055,-0.0153369,0.000300494
3099,-0.000531055,-0.0153349,0.000300494
3100,-0.000529055,-0.0153349,0.000300494
3101,-0.000531055,-0.0153369,0.000302494
3102,-0.000529055,-0.0153369,0.000302494
3103,-0.000531055,-0.0153349,0.000302494
3104,-0.000529055,-0.0153349,0.000302494
3105,-0.000531055,-0.0153369,0.000302494
3106,-0.000529055,-0.0153369,0.000302494
3107,-0.000531055,-0.0153349,0.000302494
3108,-0.000529055,-0.0153349,0.000302494
3109,-0.000531055,-0.0153369,0.000304494
3110,-0.000529055,-0.0153369,0.000304494
3111,-0.000531055,-0.0153349,0.000304494
3112,-0.000529055,-0.0153349,0.000304494
3113,-0.000531055,-0.0153369,0.000304494
3114,-0.000529055,-0.0153369,0.000304494
3115,-0.000531055,-0.0153349,0.000304494
3116,-0.000529055,-0.0153349,0.000304494
3117,-0.000531055,-0.0153369,0.000306494
3118,-0.000529055,-0.0153369,0.000306494
3119,-0.000531055,-0.0153349,0.000306494
3120,-0.000529055,-0.0153349,0.000306494
3121,-0.000531055,-0.0153369,0.000306494
3122,-0.000529055,-0.0153369,0.000306494
3123,-0.000531055,-0.0153349,0.000306494
3124,-0.000529055,-0.0153349,0.000306494
3125,-0.000531055,-0.0153369,0.000308494
3126,-0.000529055,-0.0153369,0.000308494
3127,-0.000531055,-0.0153349,0.000308494
3128,-0.000529055,-0.0153349,0.000308494
3129,-0.000531055,-0.0153369,0.000308494
3130,-0.000529055,-0.0153369,0.000308494
3131,-0.000531055,-0.0153349,0.000308494
3132,-0.000529055,-0.0153349,0.000308494
3133,-0.000531055,-0.0153369,0.000310494
3134,-0.000529055,-0.0153369,0.000310494
3135,-0.000531055,-0.0153349,0.000310494
3136,-0.000529055,-0.0153349,0.000310494
3137,-0.000531055,-0.0153369,0.000310494
3138,-0.000529055,-0.0153369,0.000310494
3139,-0.000531055,-0.0153349,0.000310494
3140,-0.000529055,-0.0153349,0.000310494
3141,-0.000531055,-0.0153369,0.000312494
3142,-0.000529055,-0.0153369,0.000312494
3143,-0.000531055,-0.0153349,0.000312494
3144,-0.000529055,-0.0153349,0.000312494
3145,-0.000531055,-0.0153349,0.000318494
3146,-0.000529055,-0.0153349,0.000318494
3147,-0.000531055,-0.0153329,0.000318494
3148,-0.000529055,-0.0153329,0.000318494
3149,-0.000531055,-0.0153349,0.000320494
3150,-0.000529055,-0.0153349,0.000320494
3151,-0.000531055,-0.0153329,0.000320494
3152,-0.000529055,-0.0153329,0.000320494
3153,-0.000531055,-0.0153349,0.000320494
3154,-0.000529055,-0.0153349,0.000320494
3155,-0.000531055,-0.0153329,0.000320494
3156,-0.000529055,-0.0153329,0.000320494
3157,-0.000531055,-0.0153349,0.000322494
3158,-0.000529055,-0.0153349,0.000322494
3159,-0.000531055,-0.0153329,0.000322494
3160,-0.000529055,-0.0153329,0.000322494
3161,-0.000531055,-0.0153349,0.000322494
3162,-0.000529055,-0.0153349,0.000322494
3163,-0.000531055,-0.0153329,0.000322494
3164,-0.000529055,-0.0153329,0.000322494
3165,-0.000531055,-0.0153349,0.000324494
3166,-0.000529055,-0.0153349,0.000324494
3167,-0.000531055,-0.0153329,0.000324494
3168,-0.000529055,-0.0153329,0.000324494
3169,-0.000531055,-0.0153349,0.000324494
3170,-0.000529055,-0.0153349,0.000324494
3171,-0.000531055,-0.0153329,0.000324494
3172,-0.000529055,-0.0153329,0.000324494
3173,-0.000531055,-0.0153349,0.000326494
3174,-0.000529055,-0.0153349,0.000326494
3175,-0.000531055,-0.0153329,0.000326494
3176,-0.000529055,-0.0153329,0.000326494
3177,-0.000531055,-0.0153349,0.000300494
3178,-0.000529055,-0.0153349,0.000300494
3179,-0.000531055,-0.0153329,0.000300494
3180,-0.000529055,-0.0153329,0.000300494
3181,-0.000531055,-0.0153349,0.000302494
3182,-0.000529055,-0.0153349,0.000302494
3183,-0.000531055,-0.0153329,0.000302494
3184,-0.000529055,-0.0153329,0.000302494
3185,-0.000531055,-0.0153349,0.000302494
3186,-0.000529055,-0.0153349,0.000302494
3187,-0.000531055,-0.0153329,0.000302494
3188,-0.000529055,-0.0153329,0.000302494
3189,-0.000531055,-0.0153349,0.000304494
3190,-0.000529055,-0.0153349,0.000304494
3191,-0.000531055,-0.0153329,0.000304494
3192,-0.000529055,-0.0153329,0.000304494
3193,-0.000531055,-0.0153349,0.000304494
3194,-0.000529055,-0.0153349,0.000304494
3195,-0.000531055,-0.0153329,0.000304494
3196,-0.000529055,-0.0153329,0.000304494
3197,-0.000531055,-0.0153349,0.000306494
3198,-0.000529055,-0.0153349,0.000306494
3199,-0.000531055,-0.0153329,0.000306494
3200,-0.000529055,-0.0153329,0.000306494
3201,-0.000531055,-0.0153349,0.000306494
3202,-0.000529055,-0.0153349,0.000306494
3203,-0.000531055,-0.0153329,0.000306494
3204,-0.000529055,-0.0153329,0.000306494
3205,-0.000531055,-0.0153349,0.000308494
3206,-0.000529055,-0.0153349,0.000308494
3207,-0.000531055,-0.0153329,0.000308494
3208,-0.000529055,-0.0153329,0.000308494
3209,-0.000531055,-0.0153349,0.000308494
3210,-0.000529055,-0.0153349,0.000308494
3211,-0.000531055,-0.0153329,0.000308494
3212,-0.000529055,-0.0153329,0.000308494
3213,-0.000531055,-0.0153349,0.000310494
3214,-0.000529055,-0.0153349,0.000310494
3215,-0.000531055,-0.0153329,0.000310494
3216,-0.000529055,-0.0153329,0.000310494
3217,-0.000531055,-0.0153349,0.000310494
3218,-0.000529055,-0.0153349,0.000310494
3219,-0.000531055,-0.0153329,0.000310494
3220,-0.000529055,-0.0153329,0.000310494
3221,-0.000531055,-0.0153349,0.000312494
3222,-0.000529055,-0.0153349,0.000312494
3223,-0.000531055,-0.0153329,0.000312494
3224,-0.000529055,-0.0153329,0.000312494
3225,-0.000531055,-0.0153329,0.000322494
3226,-0.000529055,-0.0153329,0.000322494
3227,-0.000531055,-0.0153309,0.000322494
3228,-0.000529055,-0.0153309,0.000322494
3229,-0.000531055,-0.0153329,0.000324494
3230,-0.000529055,-0.0153329,0.000324494
3231,-0.000531055,-0.0153309,0.000324494
3232,-0.000529055,-0.0153309,0.000324494
3233,-0.000531055,-0.0153329,0.000324494
3234,-0.000529055,-0.0153329,0.000324494
3235,-0.000531055,-0.0153309,0.000324494
3236,-0.000529055,-0.0153309,0.000324494
3237,-0.000531055,-0.0153329,0.000326494
3238,-0.000529055,-0.0153329,0.000326494
3239,-0.000531055,-0.0153309,0.000326494
3240,-0.000529055,-0.0153309,0.000326494
3241,-0.000531055,-0.0153329,0.000302494
3242,-0.000529055,-0.0153329,0.000302494
3243,-0.000531055,-0.0153309,0.000302494
3244,-0.000529055,-0.0153309,0.000302494
3245,-0.000531055,-0.0153329,0.000304494
3246,-0.000529055,-0.0153329,0.000304494
3247,-0.000531055,-0.0153309,0.000304494
3248,-0.000529055,-0.0153309,0.000304494
3249,-0.000531055,-0.0153329,0.000304494
3250,-0.000529055,-0.0153329,0.000304494
3251,-0.000531055,-0.0153309,0.000304494
3252,-0.000529055,-0.0153309,0.000304494
3253,-0.000531055,-0.0153329,0.000306494
3254,-0.000529055,-0.0153329,0.000306494
3255,-0.000531055,-0.0153309,0.000306494
3256,-0.000529055,-0.0153309,0.000306494
3257,-0.000531055,-0.0153329,0.000306494
3258,-0.000529055,-0.0153329,0.000306494
3259,-0.000531055,-0.0153309,0.000306494
3260,-0.000529055,-0.0153309,0.000306494
3261,-0.000531055,-0.0153329,0.000308494
3262,-0.000529055,-0.0153329,0.000308494
3263,-0.000531055,-0.0153309,0.000308494
3264,-0.000529055,-0.0153309,0.000308494
3265,-0.000531055,-0.0153329,0.000308494
3266,-0.000529055,-0.0153329,0.000308494
3267,-0.000531055,-0.0153309,0.000308494
3268,-0.000529055,-0.0153309,0.000308494
3269,-0.000531055,-0.0153329,0.000310494
3270,-0.000529055,-0.0153329,0.000310494
3271,-0.000531055,-0.0153309,0.000310494
3272,-0.000529055,-0.0153309,0.000310494
3273,-0.000531055,-0.0153329,0.000310494
3274,-0.000529055,-0.0153329,0.000310494
3275,-0.000531055,-0.0153309,0.000310494
3276,-0.000529055,-0.0153309,0.000310494
3277,-0.000531055,-0.0153329,0.000312494
3278,-0.000529055,-0.0153329,0.000312494
3279,-0.000531055,-0.0153309,0.000312494
3280,-0.000529055,-0.0153309,0.000312494
3281,-0.000531055,-0.0153309,0.000322494
3282,-0.000529055,-0.0153309,0.000322494
3283,-0.000531055,-0.0153289,0.000322494
3284,-0.000529055,-0.0153289,0.000322494
3285,-0.000531055,-0.0153309,0.000324494
3286,-0.000529055,-0.0153309,0.000324494
3287,-0.000531055,-0.0153289,0.000324494
3288,-0.000529055,-0.0153289,0.000324494
3289,-0.000531055,-0.0153309,0.000324494
3290,-0.000529055,-0.0153309,0.000324494
3291,-0.000531055,-0.0153289,0.000324494
3292,-0.000529055,-0.0153289,0.000324494
3293,-0.000531055,-0.0153309,0.000326494
3294,-0.000529055,-0.0153309,0.000326494
3295,-0.000531055,-0.0153289,0.000326494
3296,-0.000529055,-0.0153289,0.000326494
3297,-0.000531055,-0.0153309,0.000302494
3298,-0.000529055,-0.0153309,0.000302494
3299,-0.000531055,-0.0153289,0.000302494
3300,-0.000529055,-0.0153289,0.000302494
3301,-0.000531055,-0.0153309,0.000304494
3302,-0.000529055,-0.0153309,0.000304494
3303,-0.000531055,-0.0153289,0.000304494
3304,-0.000529055,-0.0153289,0.000304494
3305,-0.000531055,-0.0153309,0.000304494
3306,-0.000529055,-0.0153309,0.000304494
3307,-0.000531055,-0.0153289,0.000304494
3308,-0.000529055,-0.0153289,0.000304494
3309,-0.000531055,-0.0153309,0.000306494
3310,-0.000529055,-0.0153309,0.000306494
3311,-0.000531055,-0.0153289,0.000306494
3312,-0.000529055,-0.0153289,0.000306494
3313,-0.000531055,-0.0153309,0.000306494
3314,-0.000529055,-0.0153309,0.000306494
3315,-0.000531055,-0.0153289,0.000306494
3316,-0.000529055,-0.0153289,0.000306494
3317,-0.000531055,-0.0153309,0.000308494
3318,-0.000529055,-0.0153309,0.000308494
3319,-0.000531055,-0.0153289,0.000308494
3320,-0.000529055,-0.0153289,0.000308494
3321,-0.000531055,-0.0153309,0.000308494
3322,-0.000529055,-0.0153309,0.000308494
3323,-0.000531055,-0.0153289,0.000308494
3324,-0.000529055,-0.0153289,0.000308494
3325,-0.000531055,-0.0153309,0.000310494
3326,-0.000529055,-0.0153309,0.000310494
3327,-0.000531055,-0.0153289,0.000310494
3328,-0.000529055,-0.0153289,0.000310494
3329,-0.000531055,-0.0153309,0.000310494
3330,-0.000529055,-0.0153309,0.000310494
3331,-0.000531055,-0.0153289,0.000310494
3332,-0.000529055,-0.0153289,0.000310494
3333,-0.000531055,-0.0153309,0.000312494
3334,-0.000529055,-0.0153309,0.000312494
3335,-0.000531055,-0.0153289,0.000312494
3336,-0.000529055,-0.0153289,0.000312494
3337,-0.000531055,-0.0153289,0.000318494
3338,-0.000529055,-0.0153289,0.000318494
3339,-0.000531055,-0.0153269,0.000318494
3340,-0.000529055,-0.0153269,0.000318494
3341,-0.000531055,-0.0153289,0.000320494
3342,-0.000529055,-0.0153289,0.000320494
3343,-0.000531055,-0.0153269,0.000320494
3344,-0.000529055,-0.0153269,0.000320494
3345,-0.000531055,-0.0153289,0.000320494
3346,-0.000529055,-0.0153289,0.000320494
3347,-0.000531055,-0.0153269,0.000320494
3348,-0.000529055,-0.0153269,0.000320494
3349,-0.000531055,-0.0153289,0.000322494
3350,-0.000529055,-0.0153289,0.000322494
3351,-0.000531055,-0.0153269,0.000322494
3352,-0.000529055,-0.0153269,0.000322494
3353,-0.000531055,-0.0153289,0.000322494
3354,-0.000529055,-0.0153289,0.000322494
3355,-0.000531055,-0.0153269,0.000322494
3356,-0.000529055,-0.0153269,0.000322494
3357,-0.000531055,-0.0153289,0.000324494
3358,-0.000529055,-0.0153289,0.000324494
3359,-0.000531055,-0.0153269,0.000324494
3360,-0.000529055,-0.0153269,0.000324494
3361,-0.000531055,-0.0153289,0.000324494
3362,-0.000529055,-0.0153289,0.000324494
3363,-0.000531055,-0.0153269,0.000324494
3364,-0.000529055,-0.0153269,0.000324494
3365,-0.000531055,-0.0153289,0.000326494
3366,-0.000529055,-0.0153289,0.000326494
3367,-0.000531055,-0.0153269,0.000326494
3368,-0.000529055,-0.0153269,0.000326494
3369,-0.000531055,-0.0153289,0.000302494
3370,-0.000529055,-0.0153289,0.000302494
3371,-0.000531055,-0.0153269,0.000302494
3372,-0.000529055,-0.0153269,0.000302494
3373,-0.000531055,-0.0153289,0.000304494
3374,-0.000529055,-0.0153289,0.000304494
3375,-0.000531055,-0.0153269,0.000304494
3376,-0.000529055,-0.0153269,0.000304494
3377,-0.000531055,-0.0153289,0.000304494
3378,-0.000529055,-0.0153289,0.000304494
3379,-0.000531055,-0.0153269,0.000304494
3380,-0.000529055,-0.0153269,0.000304494
3381,-0.000531055,-0.0153289,0.000306494
3382,-0.000529055,-0.0153289,0.000306494
3383,-0.000531055,-0.0153269,0.000306494
3384,-0.000529055,-0.0153269,0.000306494
3385,-0.000531055,-0.0153289,0.000306494
3386,-0.000529055,-0.0153289,0.000306494
3387,-0.000531055,-0.0153269,0.000306494
3388,-0.000529055,-0.0153269,0.000306494
3389,-0.000531055,-0.0153289,0.000308494
3390,-0.000529055,-0.0153289,0.000308494
3391,-0.000531055,-0.0153269,0.000308494
3392,-0.000529055,-0.0153269,0.000308494
3393,-0.000531055,-0.0153289,0.000308494
3394,-0.000529055,-0.0153289,0.000308494
3395,-0.000531055,-0.0153269,0.000308494
3396,-0.000529055,-0.0153269,0.000308494
3397,-0.000531055,-0.0153289,0.000310494
3398,-0.000529055,-0.0153289,0.000310494
3399,-0.000531055,-0.0153269,0.000310494
3400,-0.000529055,-0.0153269,0.000310494
3401,-0.000531055,-0.0153289,0.000310494
3402,-0.000529055,-0.0153289,0.000310494
3403,-0.000531055,-0.0153269,0.000310494
3404,-0.000529055,-0.0153269,0.000310494
3405,-0.000531055,-0.0153289,0.000312494
3406,-0.000529055,-0.0153289,0.000312494
3407,-0.000531055,-0.0153269,0.000312494
3408,-0.000529055,-0.0153269,0.000312494
3409,-0.000529055,-0.0153449,0.000298494
3410,-0.000527055,-0.0153449,0.000298494
3411,-0.000529055,-0.0153429,0.000298494
3412,-0.000527055,-0.0153429,0.000298494
3413,-0.000529055,-0.0153449,0.000300494
3414,-0.000527055,-0.0153449,0.000300494
3415,-0.000529055,-0.0153429,0.000300494
3416,-0.000527055,-0.0153429,0.000300494
3417,-0.000529055,-0.0153449,0.000300494
3418,-0.000527055,-0.0153449,0.000300494
3419,-0.000529055,-0.0153429,0.000300494
3420,-0.000527055,-0.0153429,0.000300494
3421,-0.000529055,-0.0153449,0.000302494
3422,-0.000527055,-0.0153449,0.000302494
3423,-0.000529055,-0.0153429,0.000302494
3424,-0.000527055,-0.0153429,0.000302494
3425,-0.000529055,-0.0153449,0.000302494
3426,-0.000527055,-0.0153449,0.000302494
3427,-0.000529055,-0.0153429,0.000302494
3428,-0.000527055,-0.0153429,0.000302494
3429,-0.000529055,-0.0153449,0.000304494
3430,-0.000527055,-0.0153449,0.000304494
3431,-0.000529055,-0.0153429,0.000304494
3432,-0.000527055,-0.0153429,0.000304494
3433,-0.000529055,-0.0153449,0.000304494
3434,-0.000527055,-0.0153449,0.000304494
3435,-0.000529055,-0.0153429,0.000304494
3436,-0.000527055,-0.0153429,0.000304494
3437,-0.000529055,-0.0153449,0.000306494
3438,-0.000527055,-0.0153449,0.000306494
3439,-0.000529055,-0.0153429,0.000306494
3440,-0.000527055,-0.0153429,0.000306494
3441,-0.000529055,-0.0153269,0.000312494
3442,-0.000527055,-0.0153269,0.000312494
3443,-0.000529055,-0.0153249,0.000312494
3444,-0.000527055,-0.0153249,0.000312494
3445,-0.000529055,-0.0153269,0.000314494
3446,-0.000527055,-0.0153269,0.000314494
3447,-0.000529055,-0.0153249,0.000314494
3448,-0.000527055,-0.0153249,0.000314494
3449,-0.000529055,-0.0153269,0.000314494
3450,-0.000527055,-0.0153269,0.000314494
3451,-0.000529055,-0.0153249,0.000314494
3452,-0.000527055,-0.0153249,0.000314494
3453,-0.000529055,-0.0153269,0.000316494
3454,-0.000527055,-0.0153269,0.000316494
3455,-0.000529055,-0.0153249,0.000316494
3456,-0.000527055,-0.0153249,0.000316494
3457,-0.000529055,-0.0153269,0.000316494
3458,-0.000527055,-0.0153269,0.000316494
3459,-0.000529055,-0.0153249,0.000316494
3460,-0.000527055,-0.0153249,0.000316494
3461,-0.000529055,-0.0153269,0.000318494
3462,-0.000527055,-0.0153269,0.000318494
3463,-0.000529055,-0.0153249,0.000318494
3464,-0.000527055,-0.0153249,0.000318494
3465,-0.000529055,-0.0153269,0.000318494
3466,-0.000527055,-0.0153269,0.000318494
3467,-0.000529055,-0.0153249,0.000318494
3468,-0.000527055,-0.0153249,0.000318494
3469,-0.000529055,-0.0153269,0.000320494
3470,-0.000527055,-0.0153269,0.000320494
3471,-0.000529055,-0.0153249,0.000320494
3472,-0.000527055,-0.0153249,0.000320494
3473,-0.000529055,-0.0153269,0.000320494
3474,-0.000527055,-0.0153269,0.000320494
3475,-0.000529055,-0.0153249,0.000320494
3476,-0.000527055,-0.0153249,0.000320494
3477,-0.000529055,-0.0153269,0.000322494
3478,-0.000527055,-0.0153269,0.000322494
3479,-0.000529055,-0.0153249,0.000322494
3480,-0.000527055,-0.0153249,0.000322494
3481,-0.000529055,-0.0153269,0.000322494
3482,-0.000527055,-0.0153269,0.000322494
3483,-0.000529055,-0.0153249,0.000322494
3484,-0.000527055,-0.0153249,0.000322494
3485,-0.000529055,-0.0153269,0.000324494
3486,-0.000527055,-0.0153269,0.000324494
3487,-0.000529055,-0.0153249,0.000324494
3488,-0.000527055,-0.0153249,0.000324494
3489,-0.000529055,-0.0153269,0.000300494
3490,-0.000527055,-0.0153269,0.000300494
3491,-0.000529055,-0.0153249,0.000300494
3492,-0.000527055,-0.0153249,0.000300494
3493,-0.000529055,-0.0153269,0.000302494
3494,-0.000527055,-0.0153269,0.000302494
3495,-0.000529055,-0.0153249,0.000302494
3496,-0.000527055,-0.0153249,0.000302494
3497,-0.000529055,-0.0153269,0.000302494
3498,-0.000527055,-0.0153269,0.000302494
3499,-0.000529055,-0.0153249,0.000302494
3500,-0.000527055,-0.0153249,0.000302494
3501,-0.000529055,-0.0153269,0.000304494
3502,-0.000527055,-0.0153269,0.000304494
3503,-0.000529055,-0.0153249,0.000304494
3504,-0.000527055,-0.0153249,0.000304494
3505,-0.000529055,-0.0153269,0.000304494
3506,-0.000527055,-0.0153269,0.000304494
3507,-0.000529055,-0.0153249,0.000304494
3508,-0.000527055,-0.0153249,0.000304494
3509,-0.000529055,-0.0153269,0.000306494
3510,-0.000527055,-0.0153269,0.000306494
3511,-0.000529055,-0.0153249,0.000306494
3512,-0.000527055,-0.0153249,0.000306494
3513,-0.000529055,-0.0153269,0.000306494
3514,-0.000527055,-0.0153269,0.000306494
3515,-0.000529055,-0.0153249,0.000306494
3516,-0.000527055,-0.0153249,0.000306494
3517,-0.000529055,-0.0153269,0.000308494
3518,-0.000527055,-0.0153269,0.000308494
3519,-0.000529055,-0.0153249,0.000308494
3520,-0.000527055,-0.0153249,0.000308494
3521,-0.000529055,-0.0153269,0.000308494
3522,-0.000527055,-0.0153269,0.000308494
3523,-0.000529055,-0.0153249,0.000308494
3524,-0.000527055,-0.0153249,0.000308494
3525,-0.000529055,-0.0153269,0.000310494
3526,-0.000527055,-0.0153269,0.000310494
3527,-0.000529055,-0.0153249,0.000310494
3528,-0.000527055,-0.0153249,0.000310494
3529,-0.000529055,-0.0153269,0.000310494
3530,-0.000527055,-0.0153269,0.000310494
3531,-0.000529055,-0.0153249,0.000310494
3532,-0.000527055,-0.0153249,0.000310494
3533,-0.000529055,-0.0153269,0.000312494
3534,-0.000527055,-0.0153269,0.000312494
3535,-0.000529055,-0.0153249,0.000312494
3536,-0.000527055,-0.0153249,0.000312494
3537,-0.000529055,-0.0153249,0.000312494
3538,-0.000527055,-0.0153249,0.000312494
3539,-0.000529055,-0.0153229,0.000312494
3540,-0.000527055,-0.0153229,0.000312494
3541,-0.000529055,-0.0153249,0.000314494
3542,-0.000527055,-0.0153249,0.000314494
3543,-0.000529055,-0.0153229,0.000314494
3544,-0.000527055,-0.0153229,0.000314494
3545,-0.000529055,-0.0153249,0.000314494
3546,-0.000527055,-0.0153249,0.000314494
3547,-0.000529055,-0.0153229,0.000314494
3548,-0.000527055,-0.0153229,0.000314494
3549,-0.000529055,-0.0153249,0.000316494
3550,-0.000527055,-0.0153249,0.000316494
3551,-0.000529055,-0.0153229,0.000316494
3552,-0.000527055,-0.0153229,0.000316494
3553,-0.000529055,-0.0153249,0.000316494
3554,-0.000527055,-0.0153249,0.000316494
3555,-0.000529055,-0.0153229,0.000316494
3556,-0.000527055,-0.0153229,0.000316494
3557,-0.000529055,-0.0153249,0.000318494
3558,-0.000527055,-0.0153249,0.000318494
3559,-0.000529055,-0.0153229,0.000318494
3560,-0.000527055,-0.0153229,0.000318494
3561,-0.000529055,-0.0153249,0.000318494
3562,-0.000527055,-0.0153249,0.000318494
3563,-0.000529055,-0.0153229,0.000318494
3564,-0.000527055,-0.0153229,0.000318494
3565,-0.000529055,-0.0153249,0.000320494
3566,-0.000527055,-0.0153249,0.000320494
3567,-0.000529055,-0.0153229,0.000320494
3568,-0.000527055,-0.0153229,0.000320494
3569,-0.000529055,-0.0153249,0.000300494
3570,-0.000527055,-0.0153249,0.000300494
3571,-0.000529055,-0.0153229,0.000300494
3572,-0.000527055,-0.0153229,0.000300494
3573,-0.000529055,-0.0153249,0.000302494
3574,-0.000527055,-0.0153249,0.000302494
3575,-0.000529055,-0.0153229,0.000302494
3576,-0.000527055,-0.0153229,0.000302494
3577,-0.000529055,-0.0153249,0.000302494
3578,-0.000527055,-0.0153249,0.000302494
3579,-0.000529055,-0.0153229,0.000302494
3580,-0.000527055,-0.0153229,0.000302494
3581,-0.000529055,-0.0153249,0.000304494
3582,-0.000527055,-0.0153249,0.000304494
3583,-0.000529055,-0.0153229,0.000304494
3584,-0.000527055,-0.0153229,0.000304494
3585,-0.000529055,-0.0153249,0.000304494
3586,-0.000527055,-0.0153249,0.000304494
3587,-0.000529055,-0.0153229,0.000304494
3588,-0.000527055,-0.0153229,0.000304494
3589,-0.000529055,-0.0153249,0.000306494
3590,-0.000527055,-0.0153249,0.000306494
3591,-0.000529055,-0.0153229,0.000306494
3592,-0.000527055,-0.0153229,0.000306494
3593,-0.000529055,-0.0153249,0.000306494
3594,-0.000527055,-0.0153249,0.000306494
3595,-0.000529055,-0.0153229,0.000306494
3596,-0.000527055,-0.0153229,0.000306494
3597,-0.000529055,-0.0153249,0.000308494
3598,-0.000527055,-0.0153249,0.000308494
3599,-0.000529055,-0.0153229,0.000308494
3600,-0.000527055,-0.0153229,0.000308494
3601,-0.000529055,-0.0153249,0.000308494
3602,-0.000527055,-0.0153249,0.000308494
3603,-0.000529055,-0.0153229,0.000308494
3604,-0.000527055,-0.0153229,0.000308494
3605,-0.000529055,-0.0153249,0.000310494
3606,-0.000527055,-0.0153249,0.000310494
3607,-0.000529055,-0.0153229,0.000310494
3608,-0.000527055,-0.0153229,0.000310494
3609,-0.000529055,-0.0153249,0.000310494
3610,-0.000527055,-0.0153249,0.000310494
3611,-0.000529055,-0.0153229,0.000310494
3612,-0.000527055,-0.0153229,0.000310494
3613,-0.000529055,-0.0153249,0.000312494
3614,-0.000527055,-0.0153249,0.000312494
3615,-0.000529055,-0.0153229,0.000312494
3616,-0.000527055,-0.0153229,0.000312494
3617,-0.000529055,-0.0153229,0.000312494
3618,-0.000527055,-0.0153229,0.000312494
3619,-0.000529055,-0.0153209,0.000312494
3620,-0.000527055,-0.0153209,0.000312494
3621,-0.000529055,-0.0153229,0.000314494
3622,-0.000527055,-0.0153229,0.000314494
3623,-0.000529055,-0.0153209,0.000314494
3624,-0.000527055,-0.0153209,0.000314494
3625,-0.000529055,-0.0153229,0.000314494
3626,-0.000527055,-0.0153229,0.000314494
3627,-0.000529055,-0.0153209,0.000314494
3628,-0.000527055,-0.0153209,0.000314494
3629,-0.000529055,-0.0153229,0.000316494
3630,-0.000527055,-0.0153229,0.000316494
3631,-0.000529055,-0.0153209,0.000316494
3632,-0.000527055,-0.0153209,0.000316494
3633,-0.000529055,-0.0153229,0.000302494
3634,-0.000527055,-0.0153229,0.000302494
3635,-0.000529055,-0.0153209,0.000302494
3636,-0.000527055,-0.0153209,0.000302494
3637,-0.000529055,-0.0153229,0.000304494
3638,-0.000527055,-0.0153229,0.000304494
3639,-0.000529055,-0.0153209,0.000304494
3640,-0.000527055,-0.0153209,0.000304494
3641,-0.000529055,-0.0153229,0.000304494
3642,-0.000527055,-0.0153229,0.000304494
3643,-0.000529055,-0.0153209,0.000304494
3644,-0.000527055,-0.0153209,0.000304494
3645,-0.000529055,-0.0153229,0.000306494
3646,-0.000527055,-0.0153229,0.000306494
3647,-0.000529055,-0.0153209,0.000306494
3648,-0.000527055,-0.0153209,0.000306494
3649,-0.000529055,-0.0153229,0.000306494
3650,-0.000527055,-0.0153229,0.000306494
3651,-0.000529055,-0.0153209,0.000306494
3652,-0.000527055,-0.0153209,0.000306494
3653,-0.000529055,-0.0153229,0.000308494
3654,-0.000527055,-0.0153229,0.000308494
3655,-0.000529055,-0.0153209,0.000308494
3656,-0.000527055,-0.0153209,0.000308494
3657,-0.000529055,-0.0153229,0.000308494
3658,-0.000527055,-0.0153229,0.000308494
3659,-0.000529055,-0.0153209,0.000308494
3660,-0.000527055,-0.0153209,0.000308494
3661,-0.000529055,-0.0153229,0.000310494
3662,-0.000527055,-0.0153229,0.000310494
3663,-0.000529055,-0.0153209,0.000310494
3664,-0.000527055,-0.0153209,0.000310494
3665,-0.000529055,-0.0153229,0.000310494
3666,-0.000527055,-0.0153229,0.000310494
3667,-0.000529055,-0.0153209,0.000310494
3668,-0.000527055,-0.0153209,0.000310494
3669,-0.000529055,-0.0153229,0.000312494
3670,-0.000527055,-0.0153229,0.000312494
3671,-0.000529055,-0.0153209,0.000312494
3672,-0.000527055,-0.0153209,0.000312494
3673,-0.000529055,-0.0153209,0.000302494
3674,-0.000527055,-0.0153209,0.000302494
3675,-0.000529055,-0.0153189,0.000302494
3676,-0.000527055,-0.0153189,0.000302494
3677,-0.000529055,-0.0153209,0.000304494
3678,-0.000527055,-0.0153209,0.000304494
3679,-0.000529055,-0.0153189,0.000304494
3680,-0.000527055,-0.0153189,0.000304494
3681,-0.000529055,-0.0153209,0.000304494
3682,-0.000527055,-0.0153209,0.000304494
3683,-0.000529055,-0.0153189,0.000304494
3684,-0.000527055,-0.0153189,0.000304494
3685,-0.000529055,-0.0153209,0.000306494
3686,-0.000527055,-0.0153209,0.000306494
3687,-0.000529055,-0.0153189,0.000306494
3688,-0.000527055,-0.0153189,0.000306494
3689,-0.000529055,-0.0153209,0.000306494
3690,-0.000527055,-0.0153209,0.000306494
3691,-0.000529055,-0.0153189,0.000306494
3692,-0.000527055,-0.0153189,0.000306494
3693,-0.000529055,-0.0153209,0.000308494
3694,-0.000527055,-0.0153209,0.000308494
3695,-0.000529055,-0.0153189,0.000308494
3696,-0.000527055,-0.0153189,0.000308494
3697,-0.000529055,-0.0153209,0.000308494
3698,-0.000527055,-0.0153209,0.000308494
3699,-0.000529055,-0.0153189,0.000308494
3700,-0.000527055,-0.0153189,0.000308494
3701,-0.000529055,-0.0153209,0.000310494
3702,-0.000527055,-0.0153209,0.000310494
3703,-0.000529055,-0.0153189,0.000310494
3704,-0.000527055,-0.0153189,0.000310494
3705,-0.000529055,-0.0153209,0.000310494
3706,-0.000527055,-0.0153209,0.000310494
3707,-0.000529055,-0.0153189,0.000310494
3708,-0.000527055,-0.0153189,0.000310494
3709,-0.000529055,-0.0153209,0.000312494
3710,-0.000527055,-0.0153209,0.000312494
3711,-0.000529055,-0.0153189,0.000312494
3712,-0.000527055,-0.0153189,0.000312494
3713,-0.000529055,-0.0153429,0.000296494
3714,-0.000527055,-0.0153429,0.000296494
3715,-0.000529055,-0.0153409,0.000296494
3716,-0.000527055,-0.0153409,0.000296494
3717,-0.000529055,-0.0153429,0.000298494
3718,-0.000527055,-0.0153429,0.000298494
3719,-0.000529055,-0.0153409,0.000298494
3720,-0.000527055,-0.0153409,0.000298494
3721,-0.000529055,-0.0153429,0.000298494
3722,-0.000527055,-0.0153429,0.000298494
3723,-0.000529055,-0.0153409,0.000298494
3724,-0.000527055,-0.0153409,0.000298494
3725,-0.000529055,-0.0153429,0.000300494
3726,-0.000527055,-0.0153429,0.000300494
3727,-0.000529055,-0.0153409,0.000300494
3728,-0.000527055,-0.0153409,0.000300494
3729,-0.000529055,-0.0153429,0.000300494
3730,-0.000527055,-0.0153429,0.000300494
3731,-0.000529055,-0.0153409,0.000300494
3732,-0.000527055,-0.0153409,0.000300494
3733,-0.000529055,-0.0153429,0.000302494
3734,-0.000527055,-0.0153429,0.000302494
3735,-0.000529055,-0.0153409,0.000302494
3736,-0.000527055,-0.0153409,0.000302494
3737,-0.000529055,-0.0153429,0.000302494
3738,-0.000527055,-0.0153429,0.000302494
3739,-0.000529055,-0.0153409,0.000302494
3740,-0.000527055,-0.0153409,0.000302494
3741,-0.000529055,-0.0153429,0.000304494
3742,-0.000527055,-0.0153429,0.000304494
3743,-0.000529055,-0.0153409,0.000304494
3744,-0.000527055,-0.0153409,0.000304494
3745,-0.000529055,-0.0153429,0.000304494
3746,-0.000527055,-0.0153429,0.000304494
3747,-0.000529055,-0.0153409,0.000304494
3748,-0.000527055,-0.0153409,0.000304494
3749,-0.000529055,-0.0153429,0.000306494
3750,-0.000527055,-0.0153429,0.000306494
3751,-0.000529055,-0.0153409,0.000306494
3752,-0.000527055,-0.0153409,0.000306494
3753,-0.000529055,-0.0153429,0.000306494
3754,-0.000527055,-0.0153429,0.000306494
3755,-0.000529055,-0.0153409,0.000306494
3756,-0.000527055,-0.0153409,0.000306494
3757,-0.000529055,-0.0153429,0.000308494
3758,-0.000527055,-0.0153429,0.000308494
3759,-0.000529055,-0.0153409,0.000308494
3760,-0.000527055,-0.0153409,0.000308494
3761,-0.000529055,-0.0153429,0.000308494
3762,-0.000527055,-0.0153429,0.000308494
3763,-0.000529055,-0.0153409,0.000308494
3764,-0.000527055,-0.0153409,0.000308494
3765,-0.000529055,-0.0153429,0.000310494
3766,-0.000527055,-0.0153429,0.000310494
3767,-0.000529055,-0.0153409,0.000310494
3768,-0.000527055,-0.0153409,0.000310494
3769,-0.000529055,-0.0153429,0.000310494
3770,-0.000527055,-0.0153429,0.000310494
3771,-0.000529055,-0.0153409,0.000310494
3772,-0.000527055,-0.0153409,0.000310494
3773,-0.000529055,-0.0153429,0.000312494
3774,-0.000527055,-0.0153429,0.000312494
3775,-0.000529055,-0.0153409,0.000312494
3776,-0.000527055,-0.0153409,0.000312494
3777,-0.000529055,-0.0153409,0.000294494
3778,-0.000527055,-0.0153409,0.000294494
3779,-0.000529055,-0.0153389,0.000294494
3780,-0.000527055,-0.0153389,0.000294494
3781,-0.000529055,-0.0153409,0.000296494
3782,-0.000527055,-0.0153409,0.000296494
3783,-0.000529055,-0.0153389,0.000296494
3784,-0.000527055,-0.0153389,0.000296494
3785,-0.000529055,-0.0153409,0.000312494
3786,-0.000527055,-0.0153409,0.000312494
3787,-0.000529055,-0.0153389,0.000312494
3788,-0.000527055,-0.0153389,0.000312494
3789,-0.000529055,-0.0153409,0.000314494
3790,-0.000527055,-0.0153409,0.000314494
3791,-0.000529055,-0.0153389,0.000314494
3792,-0.000527055,-0.0153389,0.000314494
3793,-0.000529055,-0.0153409,0.000314494
3794,-0.000527055,-0.0153409,0.000314494
3795,-0.000529055,-0.0153389,0.000314494
3796,-0.000527055,-0.0153389,0.000314494
3797,-0.000529055,-0.0153409,0.000316494
3798,-0.000527055,-0.0153409,0.000316494
3799,-0.000529055,-0.0153389,0.000316494
3800,-0.000527055,-0.0153389,0.000316494
3801,-0.000529055,-0.0153409,0.000296494
3802,-0.000527055,-0.0153409,0.000296494
3803,-0.000529055,-0.0153389,0.000296494
3804,-0.000527055,-0.0153389,0.000296494
3805,-0.000529055,-0.0153409,0.000298494
3806,-0.000527055,-0.0153409,0.000298494
3807,-0.000529055,-0.0153389,0.000298494
3808,-0.000527055,-0.0153389,0.000298494
3809,-0.000529055,-0.0153409,0.000300494
3810,-0.000527055,-0.0153409,0.000300494
3811,-0.000529055,-0.0153389,0.000300494
3812,-0.000527055,-0.0153389,0.000300494
3813,-0.000529055,-0.0153409,0.000302494
3814,-0.000527055,-0.0153409,0.000302494
3815,-0.000529055,-0.0153389,0.000302494
3816,-0.000527055,-0.0153389,0.000302494
3817,-0.000529055,-0.0153409,0.000304494
3818,-0.000527055,-0.0153409,0.000304494
3819,-0.000529055,-0.0153389,0.000304494
3820,-0.000527055,-0.0153389,0.000304494
3821,-0.000529055,-0.0153409,0.000306494
3822,-0.000527055,-0.0153409,0.000306494
3823,-0.000529055,-0.0153389,0.000306494
3824,-0.000527055,-0.0153389,0.000306494
3825,-0.000529055,-0.0153409,0.000306494
3826,-0.000527055,-0.0153409,0.000306494
3827,-0.000529055,-0.0153389,0.000306494
3828,-0.000527055,-0.0153389,0.000306494
3829,-0.000529055,-0.0153409,0.000308494
3830,-0.000527055,-0.0153409,0.000308494
3831,-0.000529055,-0.0153389,0.000308494
3832,-0.000527055,-0.0153389,0.000308494
3833,-0.000529055,-0.0153409,0.000308494
3834,-0.000527055,-0.0153409,0.000308494
3835,-0.000529055,-0.0153389,0.000308494
3836,-0.000527055,-0.0153389,0.000308494
3837,-0.000529055,-0.0153409,0.000310494
3838,-0.000527055,-0.0153409,0.000310494
3839,-0.000529055,-0.0153389,0.000310494
3840,-0.000527055,-0.0153389,0.000310494
3841,-0.000529055,-0.0153409,0.000310494
3842,-0.000527055,-0.0153409,0.000310494
3843,-0.000529055,-0.0153389,0.000310494
3844,-0.000527055,-0.0153389,0.000310494
3845,-0.000529055,-0.0153409,0.000312494
3846,-0.000527055,-0.0153409,0.000312494
3847,-0.000529055,-0.0153389,0.000312494
3848,-0.000527055,-0.0153389,0.000312494
3849,-0.000529055,-0.0153389,0.000294494
3850,-0.000527055,-0.0153389,0.000294494
3851,-0.000529055,-0.0153369,0.000294494
3852,-0.000527055,-0.0153369,0.000294494
3853,-0.000529055,-0.0153389,0.000296494
3854,-0.000527055,-0.0153389,0.000296494
3855,-0.000529055,-0.0153369,0.000296494
3856,-0.000527055,-0.0153369,0.000296494
3857,-0.000529055,-0.0153389,0.000312494
3858,-0.000527055,-0.0153389,0.000312494
3859,-0.000529055,-0.0153369,0.000312494
3860,-0.000527055,-0.0153369,0.000312494
3861,-0.000529055,-0.0153389,0.000314494
3862,-0.000527055,-0.0153389,0.000314494
3863,-0.000529055,-0.0153369,0.000314494
3864,-0.000527055,-0.0153369,0.000314494
3865,-0.000529055,-0.0153389,0.000314494
3866,-0.000527055,-0.0153389,0.000314494
3867,-0.000529055,-0.0153369,0.000314494
3868,-0.000527055,-0.0153369,0.000314494
3869,-0.000529055,-0.0153389,0.000316494
3870,-0.000527055,-0.0153389,0.000316494
3871,-0.000529055,-0.0153369,0.000316494
3872,-0.000527055,-0.0153369,0.000316494
3873,-0.000529055,-0.0153389,0.000316494
3874,-0.000527055,-0.0153389,0.000316494
3875,-0.000529055,-0.0153369,0.000316494
3876,-0.000527055,-0.0153369,0.000316494
3877,-0.000529055,-0.0153389,0.000318494
3878,-0.000527055,-0.0153389,0.000318494
3879,-0.000529055,-0.0153369,0.000318494
3880,-0.000527055,-0.0153369,0.000318494
3881,-0.000529055,-0.0153389,0.000318494
3882,-0.000527055,-0.0153389,0.000318494
3883,-0.000529055,-0.0153369,0.000318494
3884,-0.000527055,-0.0153369,0.000318494
3885,-0.000529055,-0.0153389,0.000320494
3886,-0.000527055,-0.0153389,0.000320494
3887,-0.000529055,-0.0153369,0.000320494
3888,-0.000527055,-0.0153369,0.000320494
3889,-0.000529055,-0.0153389,0.000320494
3890,-0.000527055,-0.0153389,0.000320494
3891,-0.000529055,-0.0153369,0.000320494
3892,-0.000527055,-0.0153369,0.000320494
3893,-0.000529055,-0.0153389,0.000322494
3894,-0.000527055,-0.0153389,0.000322494
3895,-0.000529055,-0.0153369,0.000322494
3896,-0.000527055,-0.0153369,0.000322494
3897,-0.000529055,-0.0153389,0.000296494
3898,-0.000527055,-0.0153389,0.000296494
3899,-0.000529055,-0.0153369,0.000296494
3900,-0.000527055,-0.0153369,0.000296494
3901,-0.000529055,-0.0153389,0.000298494
3902,-0.000527055,-0.0153389,0.000298494
3903,-0.000529055,-0.0153369,0.000298494
3904,-0.000527055,-0.0153369,0.000298494
3905,-0.000529055,-0.0153389,0.000298494
3906,-0.000527055,-0.0153389,0.000298494
3907,-0.000529055,-0.0153369,0.000298494
3908,-0.000527055,-0.0153369,0.000298494
3909,-0.000529055,-0.0153389,0.000300494
3910,-0.000527055,-0.0153389,0.000300494
3911,-0.000529055,-0.0153369,0.000300494
3912,-0.000527055,-0.0153369,0.000300494
3913,-0.000529055,-0.0153389,0.000300494
3914,-0.000527055,-0.0153389,0.000300494
3915,-0.000529055,-0.0153369,0.000300494
3916,-0.000527055,-0.0153369,0.000300494
3917,-0.000529055,-0.0153389,0.000302494
3918,-0.000527055,-0.0153389,0.000302494
3919,-0.000529055,-0.0153369,0.000302494
3920,-0.000527055,-0.0153369,0.000302494
3921,-0.000529055,-0.0153389,0.000308494
3922,-0.000527055,-0.0153389,0.000308494
3923,-0.000529055,-0.0153369,0.000308494
3924,-0.000527055,-0.0153369,0.000308494
3925,-0.000529055,-0.0153389,0.000310494
3926,-0.000527055,-0.0153389,0.000310494
3927,-0.000529055,-0.0153369,0.000310494
3928,-0.000527055,-0.0153369,0.000310494
3929,-0.000529055,-0.0153389,0.000310494
3930,-0.000527055,-0.0153389,0.000310494
3931,-0.000529055,-0.0153369,0.000310494
3932,-0.000527055,-0.0153369,0.000310494
3933,-0.000529055,-0.0153389,0.000312494
3934,-0.000527055,-0.0153389,0.000312494
3935,-0.000529055,-0.0153369,0.000312494
3936,-0.000527055,-0.0153369,0.000312494
3937,-0.000529055,-0.0153369,0.000294494
3938,-0.000527055,-0.0153369,0.000294494
3939,-0.000529055,-0.0153349,0.000294494
3940,-0.000527055,-0.0153349,0.000294494
3941,-0.000529055,-0.0153369,0.000296494
3942,-0.000527055,-0.0153369,0.000296494
3943,-0.000529055,-0.0153349,0.000296494
3944,-0.000527055,-0.0153349,0.000296494
3945,-0.000529055,-0.0153369,0.000316494
3946,-0.000527055,-0.0153369,0.000316494
3947,-0.000529055,-0.0153349,0.000316494
3948,-0.000527055,-0.0153349,0.000316494
3949,-0.000529055,-0.0153369,0.000318494
3950,-0.000527055,-0.0153369,0.000318494
3951,-0.000529055,-0.0153349,0.000318494
3952,-0.000527055,-0.0153349,0.000318494
3953,-0.000529055,-0.0153369,0.000318494
3954,-0.000527055,-0.0153369,0.000318494
3955,-0.000529055,-0.0153349,0.000318494
3956,-0.000527055,-0.0153349,0.000318494
3957,-0.000529055,-0.0153369,0.000320494
3958,-0.000527055,-0.0153369,0.000320494
3959,-0.000529055,-0.0153349,0.000320494
3960,-0.000527055,-0.0153349,0.000320494
3961,-0.000529055,-0.0153369,0.000320494
3962,-0.000527055,-0.0153369,0.000320494
3963,-0.000529055,-0.0153349,0.000320494
3964,-0.000527055,-0.0153349,0.000320494
3965,-0.000529055,-0.0153369,0.000322494
3966,-0.000527055,-0.0153369,0.000322494
3967,-0.000529055,-0.0153349,0.000322494
3968,-0.000527055,-0.0153349,0.000322494
3969,-0.000529055,-0.0153369,0.000322494
3970,-0.000527055,-0.0153369,0.000322494
3971,-0.000529055,-0.0153349,0.000322494
3972,-0.000527055,-0.0153349,0.000322494
3973,-0.000529055,-0.0153369,0.000324494
3974,-0.000527055,-0.0153369,0.000324494
3975,-0.000529055,-0.0153349,0.000324494
3976,-0.000527055,-0.0153349,0.000324494
3977,-0.000529055,-0.0153369,0.000324494
3978,-0.000527055,-0.0153369,0.000324494
3979,-0.000529055,-0.0153349,0.000324494
3980,-0.000527055,-0.0153349,0.000324494
3981,-0.000529055,-0.0153369,0.000326494
3982,-0.000527055,-0.0153369,0.000326494
3983,-0.000529055,-0.0153349,0.000326494
3984,-0.000527055,-0.0153349,0.000326494
3985,-0.000529055,-0.0153369,0.000296494
3986,-0.000527055,-0.0153369,0.000296494
3987,-0.000529055,-0.0153349,0.000296494
3988,-0.000527055,-0.0153349,0.000296494
3989,-0.000529055,-0.0153369,0.000298494
3990,-0.000527055,-0.0153369,0.000298494
3991,-0.000529055,-0.0153349,0.000298494
3992,-0.000527055,-0.0153349,0.000298494
3993,-0.000529055,-0.0153369,0.000298494
3994,-0.000527055,-0.0153369,0.000298494
3995,-0.000529055,-0.0153349,0.000298494
3996,-0.000527055,-0.0153349,0.000298494
3997,-0.000529055,-0.0153369,0.000300494
3998,-0.000527055,-0.0153369,0.000300494
3999,-0.000529055,-0.0153349,0.000300494
4000,-0.000527055,-0.0153349,0.000300494
4001,-0.000529055,-0.0153369,0.000300494
4002,-0.000527055,-0.0153369,0.000300494
4003,-0.000529055,-0.0153349,0.000300494
4004,-0.000527055,-0.0153349,0.000300494
4005,-0.000529055,-0.0153369,0.000302494
4006,-0.000527055,-0.0153369,0.000302494
4007,-0.000529055,-0.0153349,0.000302494
4008,-0.000527055,-0.0153349,0.000302494
4009,-0.000529055,-0.0153349,0.000322494
4010,-0.000527055,-0.0153349,0.000322494
4011,-0.000529055,-0.0153329,0.000322494
4012,-0.000527055,-0.0153329,0.000322494
4013,-0.000529055,-0.0153349,0.000324494
4014,-0.000527055,-0.0153349,0.000324494
4015,-0.000529055,-0.0153329,0.000324494
4016,-0.000527055,-0.0153329,0.000324494
4017,-0.000529055,-0.0153349,0.000324494
4018,-0.000527055,-0.0153349,0.000324494
4019,-0.000529055,-0.0153329,0.000324494
4020,-0.000527055,-0.0153329,0.000324494
4021,-0.000529055,-0.0153349,0.000326494
4022,-0.000527055,-0.0153349,0.000326494
4023,-0.000529055,-0.0153329,0.000326494
4024,-0.000527055,-0.0153329,0.000326494
4025,-0.000529055,-0.0153349,0.000296494
4026,-0.000527055,-0.0153349,0.000296494
4027,-0.000529055,-0.0153329,0.000296494
4028,-0.000527055,-0.0153329,0.000296494
4029,-0.000529055,-0.0153349,0.000298494
4030,-0.000527055,-0.0153349,0.000298494
4031,-0.000529055,-0.0153329,0.000298494
4032,-0.000527055,-0.0153329,0.000298494
4033,-0.000529055,-0.0153349,0.000298494
4034,-0.000527055,-0.0153349,0.000298494
4035,-0.000529055,-0.0153329,0.000298494
4036,-0.000527055,-0.0153329,0.000298494
4037,-0.000529055,-0.0153349,0.000300494
4038,-0.000527055,-0.0153349,0.000300494
4039,-0.000529055,-0.0153329,0.000300494
4040,-0.000527055,-0.0153329,0.000300494
4041,-0.000529055,-0.0153349,0.000300494
4042,-0.000527055,-0.0153349,0.000300494
4043,-0.000529055,-0.0153329,0.000300494
4044,-0.000527055,-0.0153329,0.000300494
4045,-0.000529055,-0.0153349,0.000302494
4046,-0.000527055,-0.0153349,0.000302494
4047,-0.000529055,-0.0153329,0.000302494
4048,-0.000527055,-0.0153329,0.000302494
4049,-0.000529055,-0.0153349,0.000302494
4050,-0.000527055,-0.0153349,0.000302494
4051,-0.000529055,-0.0153329,0.000302494
4052,-0.000527055,-0.0153329,0.000302494
4053,-0.000529055,-0.0153349,0.000304494
4054,-0.000527055,-0.0153349,0.000304494
4055,-0.000529055,-0.0153329,0.000304494
4056,-0.000527055,-0.0153329,0.000304494
4057,-0.000529055,-0.0153329,0.000324494
4058,-0.000527055,-0.0153329,0.000324494
4059,-0.000529055,-0.0153309,0.000324494
4060,-0.000527055,-0.0153309,0.000324494
4061,-0.000529055,-0.0153329,0.000326494
4062,-0.000527055,-0.0153329,0.000326494
4063,-0.000529055,-0.0153309,0.000326494
4064,-0.000527055,-0.0153309,0.000326494
4065,-0.000529055,-0.0153329,0.000298494
4066,-0.000527055,-0.0153329,0.000298494
4067,-0.000529055,-0.0153309,0.000298494
4068,-0.000527055,-0.0153309,0.000298494
4069,-0.000529055,-0.0153329,0.000300494
4070,-0.000527055,-0.0153329,0.000300494
4071,-0.000529055,-0.0153309,0.000300494
4072,-0.000527055,-0.0153309,0.000300494
4073,-0.000529055,-0.0153329,0.000300494
4074,-0.000527055,-0.0153329,0.000300494
4075,-0.000529055,-0.0153309,0.000300494
4076,-0.000527055,-0.0153309,0.000300494
4077,-0.000529055,-0.0153329,0.000302494
4078,-0.000527055,-0.0153329,0.000302494
4079,-0.000529055,-0.0153309,0.000302494
4080,-0.000527055,-0.0153309,0.000302494
4081,-0.000529055,-0.0153329,0.000302494
4082,-0.000527055,-0.0153329,0.000302494
4083,-0.000529055,-0.0153309,0.000302494
4084,-0.000527055,-0.0153309,0.000302494
4085,-0.000529055,-0.0153329,0.000304494
4086,-0.000527055,-0.0153329,0.000304494
4087,-0.000529055,-0.0153309,0.000304494
4088,-0.000527055,-0.0153309,0.000304494
4089,-0.000529055,-0.0153309,0.000324494
4090,-0.000527055,-0.0153309,0.000324494
4091,-0.000529055,-0.0153289,0.000324494
4092,-0.000527055,-0.0153289,0.000324494
4093,-0.000529055,-0.0153309,0.000326494
4094,-0.000527055,-0.0153309,0.000326494
4095,-0.000529055,-0.0153289,0.000326494
4096,-0.000527055,-0.0153289,0.000326494
4097,-0.000529055,-0.0153309,0.000298494
4098,-0.000527055,-0.0153309,0.000298494
4099,-0.000529055,-0.0153289,0.000298494
4100,-0.000527055,-0.0153289,0.000298494
4101,-0.000529055,-0.0153309,0.000300494
4102,-0.000527055,-0.0153309,0.000300494
4103,-0.000529055,-0.0153289,0.000300494
4104,-0.000527055,-0.0153289,0.000300494
4105,-0.000529055,-0.0153309,0.000300494
4106,-0.000527055,-0.0153309,0.000300494
4107,-0.000529055,-0.0153289,0.000300494
4108,-0.000527055,-0.0153289,0.000300494
4109,-0.000529055,-0.0153309,0.000302494
4110,-0.000527055,-0.0153309,0.000302494
4111,-0.000529055,-0.0153289,0.000302494
4112,-0.000527055,-0.0153289,0.000302494
4113,-0.000529055,-0.0153309,0.000302494
4114,-0.000527055,-0.0153309,0.000302494
4115,-0.000529055,-0.0153289,0.000302494
4116,-0.000527055,-0.0153289,0.000302494
4117,-0.000529055,-0.0153309,0.000304494
4118,-0.000527055,-0.0153309,0.000304494
4119,-0.000529055,-0.0153289,0.000304494
4120,-0.000527055,-0.0153289,0.000304494
4121,-0.000529055,-0.0153289,0.000322494
4122,-0.000527055,-0.0153289,0.000322494
4123,-0.000529055,-0.0153269,0.000322494
4124,-0.000527055,-0.0153269,0.000322494
4125,-0.000529055,-0.0153289,0.000324494
4126,-0.000527055,-0.0153289,0.000324494
4127,-0.000529055,-0.0153269,0.000324494
4128,-0.000527055,-0.0153269,0.000324494
4129,-0.000529055,-0.0153289,0.000324494
4130,-0.000527055,-0.0153289,0.000324494
4131,-0.000529055,-0.0153269,0.000324494
4132,-0.000527055,-0.0153269,0.000324494
4133,-0.000529055,-0.0153289,0.000326494
4134,-0.000527055,-0.0153289,0.000326494
4135,-0.000529055,-0.0153269,0.000326494
4136,-0.000527055,-0.0153269,0.000326494
4137,-0.000529055,-0.0153289,0.000300494
4138,-0.000527055,-0.0153289,0.000300494
4139,-0.000529055,-0.0153269,0.000300494
4140,-0.000527055,-0.0153269,0.000300494
4141,-0.000529055,-0.0153289,0.000302494
4142,-0.000527055,-0.0153289,0.000302494
4143,-0.000529055,-0.0153269,0.000302494
4144,-0.000527055,-0.0153269,0.000302494
4145,-0.000529055,-0.0153289,0.000302494
4146,-0.000527055,-0.0153289,0.000302494
4147,-0.000529055,-0.0153269,0.000302494
4148,-0.000527055,-0.0153269,0.000302494
4149,-0.000529055,-0.0153289,0.000304494
4150,-0.000527055,-0.0153289,0.000304494
4151,-0.000529055,-0.0153269,0.000304494
4152,-0.000527055,-0.0153269,0.000304494
4153,-0.000529055,-0.0153289,0.000304494
4154,-0.000527055,-0.0153289,0.000304494
4155,-0.000529055,-0.0153269,0.000304494
4156,-0.000527055,-0.0153269,0.000304494
4157,-0.000529055,-0.0153289,0.000306494
4158,-0.000527055,-0.0153289,0.000306494
4159,-0.000529055,-0.0153269,0.000306494
4160,-0.000527055,-0.0153269,0.000306494
4161,-0.000527055,-0.0153449,0.000296494
4162,-0.000525055,-0.0153449,0.000296494
4163,-0.000527055,-0.0153429,0.000296494
4164,-0.000525055,-0.0153429,0.000296494
4165,-0.000527055,-0.0153449,0.000298494
4166,-0.000525055,-0.0153449,0.000298494
4167,-0.000527055,-0.0153429,0.000298494
4168,-0.000525055,-0.0153429,0.000298494
4169,-0.000527055,-0.0153449,0.000298494
4170,-0.000525055,-0.0153449,0.000298494
4171,-0.000527055,-0.0153429,0.000298494
4172,-0.000525055,-0.0153429,0.000298494
4173,-0.000527055,-0.0153449,0.000300494
4174,-0.000525055,-0.0153449,0.000300494
4175,-0.000527055,-0.0153429,0.000300494
4176,-0.000525055,-0.0153429,0.000300494
4177,-0.000527055,-0.0153449,0.000300494
4178,-0.000525055,-0.0153449,0.000300494
4179,-0.000527055,-0.0153429,0.000300494
4180,-0.000525055,-0.0153429,0.000300494
4181,-0.000527055,-0.0153449,0.000302494
4182,-0.000525055,-0.0153449,0.000302494
4183,-0.000527055,-0.0153429,0.000302494
4184,-0.000525055,-0.0153429,0.000302494
4185,-0.000527055,-0.0153449,0.000302494
4186,-0.000525055,-0.0153449,0.000302494
4187,-0.000527055,-0.0153429,0.000302494
4188,-0.000525055,-0.0153429,0.000302494
4189,-0.000527055,-0.0153449,0.000304494
4190,-0.000525055,-0.0153449,0.000304494
4191,-0.000527055,-0.0153429,0.000304494
4192,-0.000525055,-0.0153429,0.000304494
4193,-0.000527055,-0.0153449,0.000304494
4194,-0.000525055,-0.0153449,0.000304494
4195,-0.000527055,-0.0153429,0.000304494
4196,-0.000525055,-0.0153429,0.000304494
4197,-0.000527055,-0.0153449,0.000306494
4198,-0.000525055,-0.0153449,0.000306494
4199,-0.000527055,-0.0153429,0.000306494
4200,-0.000525055,-0.0153429,0.000306494
4201,-0.000527055,-0.0153449,0.000306494
4202,-0.000525055,-0.0153449,0.000306494
4203,-0.000527055,-0.0153429,0.000306494
4204,-0.000525055,-0.0153429,0.000306494
4205,-0.000527055,-0.0153449,0.000308494
4206,-0.000525055,-0.0153449,0.000308494
4207,-0.000527055,-0.0153429,0.000308494
4208,-0.000525055,-0.0153429,0.000308494
4209,-0.000527055,-0.0153449,0.000308494
4210,-0.000525055,-0.0153449,0.000308494
4211,-0.000527055,-0.0153429,0.000308494
4212,-0.000525055,-0.0153429,0.000308494
4213,-0.000527055,-0.0153449,0.000310494
4214,-0.000525055,-0.0153449,0.000310494
4215,-0.000527055,-0.0153429,0.000310494
4216,-0.000525055,-0.0153429,0.000310494
4217,-0.000527055,-0.0153269,0.000318494
4218,-0.000525055,-0.0153269,0.000318494
4219,-0.000527055,-0.0153249,0.000318494
4220,-0.000525055,-0.0153249,0.000318494
4221,-0.000527055,-0.0153269,0.000320494
4222,-0.000525055,-0.0153269,0.000320494
4223,-0.000527055,-0.0153249,0.000320494
4224,-0.000525055,-0.0153249,0.000320494
4225,-0.000527055,-0.0153269,0.000320494
4226,-0.000525055,-0.0153269,0.000320494
4227,-0.000527055,-0.0153249,0.000320494
4228,-0.000525055,-0.0153249,0.000320494
4229,-0.000527055,-0.0153269,0.000322494
4230,-0.000525055,-0.0153269,0.000322494
4231,-0.000527055,-0.0153249,0.000322494
4232,-0.000525055,-0.0153249,0.000322494
4233,-0.000527055,-0.0153269,0.000322494
4234,-0.000525055,-0.0153269,0.000322494
4235,-0.000527055,-0.0153249,0.000322494
4236,-0.000525055,-0.0153249,0.000322494
4237,-0.000527055,-0.0153269,0.000324494
4238,-0.000525055,-0.0153269,0.000324494
4239,-0.000527055,-0.0153249,0.000324494
4240,-0.000525055,-0.0153249,0.000324494
4241,-0.000527055,-0.0153269,0.000324494
4242,-0.000525055,-0.0153269,0.000324494
4243,-0.000527055,-0.0153249,0.000324494
4244,-0.000525055,-0.0153249,0.000324494
4245,-0.000527055,-0.0153269,0.000326494
4246,-0.000525055,-0.0153269,0.000326494
4247,-0.000527055,-0.0153249,0.000326494
4248,-0.000525055,-0.0153249,0.000326494
4249,-0.000527055,-0.0153269,0.000298494
4250,-0.000525055,-0.0153269,0.000298494
4251,-0.000527055,-0.0153249,0.000298494
4252,-0.000525055,-0.0153249,0.000298494
4253,-0.000527055,-0.0153269,0.000300494
4254,-0.000525055,-0.0153269,0.000300494
4255,-0.000527055,-0.0153249,0.000300494
4256,-0.000525055,-0.0153249,0.000300494
4257,-0.000527055,-0.0153269,0.000300494
4258,-0.000525055,-0.0153269,0.000300494
4259,-0.000527055,-0.0153249,0.000300494
4260,-0.000525055,-0.0153249,0.000300494
4261,-0.000527055,-0.0153269,0.000302494
4262,-0.000525055,-0.0153269,0.000302494
4263,-0.000527055,-0.0153249,0.000302494
4264,-0.000525055,-0.0153249,0.000302494
4265,-0.000527055,-0.0153269,0.000302494
4266,-0.000525055,-0.0153269,0.000302494
4267,-0.000527055,-0.0153249,0.000302494
4268,-0.000525055,-0.0153249,0.000302494
4269,-0.000527055,-0.0153269,0.000304494
4270,-0.000525055,-0.0153269,0.000304494
4271,-0.000527055,-0.0153249,0.000304494
4272,-0.000525055,-0.0153249,0.000304494
4273,-0.000527055,-0.0153249,0.000314494
4274,-0.000525055,-0.0153249,0.000314494
4275,-0.000527055,-0.0153229,0.000314494
4276,-0.000525055,-0.0153229,0.000314494
4277,-0.000527055,-0.0153249,0.000316494
4278,-0.000525055,-0.0153249,0.000316494
4279,-0.000527055,-0.0153229,0.000316494
4280,-0.000525055,-0.0153229,0.000316494
4281,-0.000527055,-0.0153249,0.000316494
4282,-0.000525055,-0.0153249,0.000316494
4283,-0.000527055,-0.0153229,0.000316494
4284,-0.000525055,-0.0153229,0.000316494
4285,-0.000527055,-0.0153249,0.000318494
4286,-0.000525055,-0.0153249,0.000318494
4287,-0.000527055,-0.0153229,0.000318494
4288,-0.000525055,-0.0153229,0.000318494
4289,-0.000527055,-0.0153249,0.000318494
4290,-0.000525055,-0.0153249,0.000318494
4291,-0.000527055,-0.0153229,0.000318494
4292,-0.000525055,-0.0153229,0.000318494
4293,-0.000527055,-0.0153249,0.000320494
4294,-0.000525055,-0.0153249,0.000320494
4295,-0.000527055,-0.0153229,0.000320494
4296,-0.000525055,-0.0153229,0.000320494
4297,-0.000527055,-0.0153249,0.000320494
4298,-0.000525055,-0.0153249,0.000320494
4299,-0.000527055,-0.0153229,0.000320494
4300,-0.000525055,-0.0153229,0.000320494
4301,-0.000527055,-0.0153249,0.000322494
4302,-0.000525055,-0.0153249,0.000322494
4303,-0.000527055,-0.0153229,0.000322494
4304,-0.000525055,-0.0153229,0.000322494
4305,-0.000527055,-0.0153249,0.000322494
4306,-0.000525055,-0.0153249,0.000322494
4307,-0.000527055,-0.0153229,0.000322494
4308,-0.000525055,-0.0153229,0.000322494
4309,-0.000527055,-0.0153249,0.000324494
4310,-0.000525055,-0.0153249,0.000324494
4311,-0.000527055,-0.0153229,0.000324494
4312,-0.000525055,-0.0153229,0.000324494
4313,-0.000527055,-0.0153249,0.000298494
4314,-0.000525055,-0.0153249,0.000298494
4315,-0.000527055,-0.0153229,0.000298494
4316,-0.000525055,-0.0153229,0.000298494
4317,-0.000527055,-0.0153249,0.000300494
4318,-0.000525055,-0.0153249,0.000300494
4319,-0.000527055,-0.0153229,0.000300494
4320,-0.000525055,-0.0153229,0.000300494
4321,-0.000527055,-0.0153249,0.000300494
4322,-0.000525055,-0.0153249,0.000300494
4323,-0.000527055,-0.0153229,0.000300494
4324,-0.000525055,-0.0153229,0.000300494
4325,-0.000527055,-0.0153249,0.000302494
4326,-0.000525055,-0.0153249,0.000302494
4327,-0.000527055,-0.0153229,0.000302494
4328,-0.000525055,-0.0153229,0.000302494
4329,-0.000527055,-0.0153249,0.000302494
4330,-0.000525055,-0.0153249,0.000302494
4331,-0.000527055,-0.0153229,0.000302494
4332,-0.000525055,-0.0153229,0.000302494
4333,-0.000527055,-0.0153249,0.000304494
4334,-0.000525055,-0.0153249,0.000304494
4335,-0.000527055,-0.0153229,0.000304494
4336,-0.000525055,-0.0153229,0.000304494
4337,-0.000527055,-0.0153249,0.000304494
4338,-0.000525055,-0.0153249,0.000304494
4339,-0.000527055,-0.0153229,0.000304494
4340,-0.000525055,-0.0153229,0.000304494
4341,-0.000527055,-0.0153249,0.000306494
4342,-0.000525055,-0.0153249,0.000306494
4343,-0.000527055,-0.0153229,0.000306494
4344,-0.000525055,-0.0153229,0.000306494
4345,-0.000527055,-0.0153229,0.000312494
4346,-0.000525055,-0.0153229,0.000312494
4347,-0.000527055,-0.0153209,0.000312494
4348,-0.000525055,-0.0153209,0.000312494
4349,-0.000527055,-0.0153229,0.000314494
4350,-0.000525055,-0.0153229,0.000314494
4351,-0.000527055,-0.0153209,0.000314494
4352,-0.000525055,-0.0153209,0.000314494
4353,-0.000527055,-0.0153229,0.000314494
4354,-0.000525055,-0.0153229,0.000314494
4355,-0.000527055,-0.0153209,0.000314494
4356,-0.000525055,-0.0153209,0.000314494
4357,-0.000527055,-0.0153229,0.000316494
4358,-0.000525055,-0.0153229,0.000316494
4359,-0.000527055,-0.0153209,0.000316494
4360,-0.000525055,-0.0153209,0.000316494
4361,-0.000527055,-0.0153229,0.000316494
4362,-0.000525055,-0.0153229,0.000316494
4363,-0.000527055,-0.0153209,0.000316494
4364,-0.000525055,-0.0153209,0.000316494
4365,-0.000527055,-0.0153229,0.000318494
4366,-0.000525055,-0.0153229,0.000318494
4367,-0.000527055,-0.0153209,0.000318494
4368,-0.000525055,-0.0153209,0.000318494
4369,-0.000527055,-0.0153229,0.000318494
4370,-0.000525055,-0.0153229,0.000318494
4371,-0.000527055,-0.0153209,0.000318494
4372,-0.000525055,-0.0153209,0.000318494
4373,-0.000527055,-0.0153229,0.000320494
4374,-0.000525055,-0.0153229,0.000320494
4375,-0.000527055,-0.0153209,0.000320494
4376,-0.000525055,-0.0153209,0.000320494
4377,-0.000527055,-0.0153229,0.000298494
4378,-0.000525055,-0.0153229,0.000298494
4379,-0.000527055,-0.0153209,0.000298494
4380,-0.000525055,-0.0153209,0.000298494
4381,-0.000527055,-0.0153229,0.000300494
4382,-0.000525055,-0.0153229,0.000300494
4383,-0.000527055,-0.0153209,0.000300494
4384,-0.000525055,-0.0153209,0.000300494
4385,-0.000527055,-0.0153229,0.000300494
4386,-0.000525055,-0.0153229,0.000300494
4387,-0.000527055,-0.0153209,0.000300494
4388,-0.000525055,-0.0153209,0.000300494
4389,-0.000527055,-0.0153229,0.000302494
4390,-0.000525055,-0.0153229,0.000302494
4391,-0.000527055,-0.0153209,0.000302494
4392,-0.000525055,-0.0153209,0.000302494
4393,-0.000527055,-0.0153229,0.000302494
4394,-0.000525055,-0.0153229,0.000302494
4395,-0.000527055,-0.0153209,0.000302494
4396,-0.000525055,-0.0153209,0.000302494
4397,-0.000527055,-0.0153229,0.000304494
4398,-0.000525055,-0.0153229,0.000304494
4399,-0.000527055,-0.0153209,0.000304494
4400,-0.000525055,-0.0153209,0.000304494
4401,-0.000527055,-0.0153229,0.000310494
4402,-0.000525055,-0.0153229,0.000310494
4403,-0.000527055,-0.0153209,0.000310494
4404,-0.000525055,-0.0153209,0.000310494
4405,-0.000527055,-0.0153229,0.000312494
4406,-0.000525055,-0.0153229,0.000312494
4407,-0.000527055,-0.0153209,0.000312494
4408,-0.000525055,-0.0153209,0.000312494
4409,-0.000527055,-0.0153209,0.000312494
4410,-0.000525055,-0.0153209,0.000312494
4411,-0.000527055,-0.0153189,0.000312494
4412,-0.000525055,-0.0153189,0.000312494
4413,-0.000527055,-0.0153209,0.000314494
4414,-0.000525055,-0.0153209,0.000314494
4415,-0.000527055,-0.0153189,0.000314494
4416,-0.000525055,-0.0153189,0.000314494
4417,-0.000527055,-0.0153209,0.000314494
4418,-0.000525055,-0.0153209,0.000314494
4419,-0.000527055,-0.0153189,0.000314494
4420,-0.000525055,-0.0153189,0.000314494
4421,-0.000527055,-0.0153209,0.000316494
4422,-0.000525055,-0.0153209,0.000316494
4423,-0.000527055,-0.0153189,0.000316494
4424,-0.000525055,-0.0153189,0.000316494
4425,-0.000527055,-0.0153209,0.000300494
4426,-0.000525055,-0.0153209,0.000300494
4427,-0.000527055,-0.0153189,0.000300494
4428,-0.000525055,-0.0153189,0.000300494
4429,-0.000527055,-0.0153209,0.000302494
4430,-0.000525055,-0.0153209,0.000302494
4431,-0.000527055,-0.0153189,0.000302494
4432,-0.000525055,-0.0153189,0.000302494
4433,-0.000527055,-0.0153209,0.000302494
4434,-0.000525055,-0.0153209,0.000302494
4435,-0.000527055,-0.0153189,0.000302494
4436,-0.000525055,-0.0153189,0.000302494
4437,-0.000527055,-0.0153209,0.000304494
4438,-0.000525055,-0.0153209,0.000304494
4439,-0.000527055,-0.0153189,0.000304494
4440,-0.000525055,-0.0153189,0.000304494
4441,-0.000527055,-0.0153209,0.000304494
4442,-0.000525055,-0.0153209,0.000304494
4443,-0.000527055,-0.0153189,0.000304494
4444,-0.000525055,-0.0153189,0.000304494
4445,-0.000527055,-0.0153209,0.000306494
4446,-0.000525055,-0.0153209,0.000306494
4447,-0.000527055,-0.0153189,0.000306494
4448,-0.000525055,-0.0153189,0.000306494
4449,-0.000527055,-0.0153209,0.000306494
4450,-0.000525055,-0.0153209,0.000306494
4451,-0.000527055,-0.0153189,0.000306494
4452,-0.000525055,-0.0153189,0.000306494
4453,-0.000527055,-0.0153209,0.000308494
4454,-0.000525055,-0.0153209,0.000308494
4455,-0.000527055,-0.0153189,0.000308494
4456,-0.000525055,-0.0153189,0.000308494
4457,-0.000527055,-0.0153209,0.000308494
4458,-0.000525055,-0.0153209,0.000308494
4459,-0.000527055,-0.0153189,0.000308494
4460,-0.000525055,-0.0153189,0.000308494
4461,-0.000527055,-0.0153209,0.000310494
4462,-0.000525055,-0.0153209,0.000310494
4463,-0.000527055,-0.0153189,0.000310494
4464,-0.000525055,-0.0153189,0.000310494
4465,-0.000527055,-0.0153209,0.000310494
4466,-0.000525055,-0.0153209,0.000310494
4467,-0.000527055,-0.0153189,0.000310494
4468,-0.000525055,-0.0153189,0.000310494
4469,-0.000527055,-0.0153209,0.000312494
4470,-0.000525055,-0.0153209,0.000312494
4471,-0.000527055,-0.0153189,0.000312494
4472,-0.000525055,-0.0153189,0.000312494
4473,-0.000527055,-0.0153189,0.000302494
4474,-0.000525055,-0.0153189,0.000302494
4475,-0.000527055,-0.0153169,0.000302494
4476,-0.000525055,-0.0153169,0.000302494
4477,-0.000527055,-0.0153189,0.000304494
4478,-0.000525055,-0.0153189,0.000304494
4479,-0.000527055,-0.0153169,0.000304494
4480,-0.000525055,-0.0153169,0.000304494
4481,-0.000527055,-0.0153189,0.000304494
4482,-0.000525055,-0.0153189,0.000304494
4483,-0.000527055,-0.0153169,0.000304494
4484,-0.000525055,-0.0153169,0.000304494
4485,-0.000527055,-0.0153189,0.000306494
4486,-0.000525055,-0.0153189,0.000306494
4487,-0.000527055,-0.0153169,0.000306494
4488,-0.000525055,-0.0153169,0.000306494
4489,-0.000527055,-0.0153189,0.000306494
4490,-0.000525055,-0.0153189,0.000306494
4491,-0.000527055,-0.0153169,0.000306494
4492,-0.000525055,-0.0153169,0.000306494
4493,-0.000527055,-0.0153189,0.000308494
4494,-0.000525055,-0.0153189,0.000308494
4495,-0.000527055,-0.0153169,0.000308494
4496,-0.000525055,-0.0153169,0.000308494
4497,-0.000527055,-0.0153189,0.000308494
4498,-0.000525055,-0.0153189,0.000308494
4499,-0.000527055,-0.0153169,0.000308494
4500,-0.000525055,-0.0153169,0.000308494
4501,-0.000527055,-0.0153189,0.000310494
4502,-0.000525055,-0.0153189,0.000310494
4503,-0.000527055,-0.0153169,0.000310494
4504,-0.000525055,-0.0153169,0.000310494
4505,-0.000527055,-0.0153189,0.000310494
4506,-0.000525055,-0.0153189,0.000310494
4507,-0.000527055,-0.0153169,0.000310494
4508,-0.000525055,-0.0153169,0.000310494
4509,-0.000527055,-0.0153189,0.000312494
4510,-0.000525055,-0.0153189,0.000312494
4511,-0.000527055,-0.0153169,0.000312494
4512,-0.000525055,-0.0153169,0.000312494
4513,-0.000527055,-0.0153169,0.000306494
4514,-0.000525055,-0.0153169,0.000306494
4515,-0.000527055,-0.0153169,0.000306494
4516,-0.000525055,-0.0153169,0.000306494
4517,-0.000527055,-0.0153169,0.000308494
4518,-0.000525055,-0.0153169,0.000308494
4519,-0.000527055,-0.0153169,0.000308494
4520,-0.000525055,-0.0153169,0.000308494
4521,-0.000527055,-0.0153429,0.000294494
4522,-0.000525055,-0.0153429,0.000294494
4523,-0.000527055,-0.0153409,0.000294494
4524,-0.000525055,-0.0153409,0.000294494
4525,-0.000527055,-0.0153429,0.000296494
4526,-0.000525055,-0.0153429,0.000296494
4527,-0.000527055,-0.0153409,0.000296494
4528,-0.000525055,-0.0153409,0.000296494
4529,-0.000527055,-0.0153429,0.000296494
4530,-0.000525055,-0.0153429,0.000296494
4531,-0.000527055,-0.0153409,0.000296494
4532,-0.000525055,-0.0153409,0.000296494
4533,-0.000527055,-0.0153429,0.000298494
4534,-0.000525055,-0.0153429,0.000298494
4535,-0.000527055,-0.0153409,0.000298494
4536,-0.000525055,-0.0153409,0.000298494
4537,-0.000527055,-0.0153429,0.000298494
4538,-0.000525055,-0.0153429,0.000298494
4539,-0.000527055,-0.0153409,0.000298494
4540,-0.000525055,-0.0153409,0.000298494
4541,-0.000527055,-0.0153429,0.000300494
4542,-0.000525055,-0.0153429,0.000300494
4543,-0.000527055,-0.0153409,0.000300494
4544,-0.000525055,-0.0153409,0.000300494
4545,-0.000527055,-0.0153429,0.000300494
4546,-0.000525055,-0.0153429,0.000300494
4547,-0.000527055,-0.0153409,0.000300494
4548,-0.000525055,-0.0153409,0.000300494
4549,-0.000527055,-0.0153429,0.000302494
4550,-0.000525055,-0.0153429,0.000302494
4551,-0.000527055,-0.0153409,0.000302494
4552,-0.000525055,-0.0153409,0.000302494
4553,-0.000527055,-0.0153429,0.000304494
4554,-0.000525055,-0.0153429,0.000304494
4555,-0.000527055,-0.0153409,0.000304494
4556,-0.000525055,-0.0153409,0.000304494
4557,-0.000527055,-0.0153429,0.000306494
4558,-0.000525055,-0.0153429,0.000306494
4559,-0.000527055,-0.0153409,0.000306494
4560,-0.000525055,-0.0153409,0.000306494
4561,-0.000527055,-0.0153429,0.000306494
4562,-0.000525055,-0.0153429,0.000306494
4563,-0.000527055,-0.0153409,0.000306494
4564,-0.000525055,-0.0153409,0.000306494
4565,-0.000527055,-0.0153429,0.000308494
4566,-0.000525055,-0.0153429,0.000308494
4567,-0.000527055,-0.0153409,0.000308494
4568,-0.000525055,-0.0153409,0.000308494
4569,-0.000527055,-0.0153429,0.000308494
4570,-0.000525055,-0.0153429,0.000308494
4571,-0.000527055,-0.0153409,0.000308494
4572,-0.000525055,-0.0153409,0.000308494
4573,-0.000527055,-0.0153429,0.000310494
4574,-0.000525055,-0.0153429,0.000310494
4575,-0.000527055,-0.0153409,0.000310494
4576,-0.000525055,-0.0153409,0.000310494
4577,-0.000527055,-0.0153429,0.000310494
4578,-0.000525055,-0.0153429,0.000310494
4579,-0.000527055,-0.0153409,0.000310494
4580,-0.000525055,-0.0153409,0.000310494
4581,-0.000527055,-0.0153429,0.000312494
4582,-0.000525055,-0.0153429,0.000312494
4583,-0.000527055,-0.0153409,0.000312494
4584,-0.000525055,-0.0153409,0.000312494
4585,-0.000527055,-0.0153409,0.000294494
4586,-0.000525055,-0.0153409,0.000294494
4587,-0.000527055,-0.0153389,0.000294494
4588,-0.000525055,-0.0153389,0.000294494
4589,-0.000527055,-0.0153409,0.000296494
4590,-0.000525055,-0.0153409,0.000296494
4591,-0.000527055,-0.0153389,0.000296494
4592,-0.000525055,-0.0153389,0.000296494
4593,-0.000527055,-0.0153409,0.000312494
4594,-0.000525055,-0.0153409,0.000312494
4595,-0.000527055,-0.0153389,0.000312494
4596,-0.000525055,-0.0153389,0.000312494
4597,-0.000527055,-0.0153409,0.000314494
4598,-0.000525055,-0.0153409,0.000314494
4599,-0.000527055,-0.0153389,0.000314494
4600,-0.000525055,-0.0153389,0.000314494
4601,-0.000527055,-0.0153409,0.000314494
4602,-0.000525055,-0.0153409,0.000314494
4603,-0.000527055,-0.0153389,0.000314494
4604,-0.000525055,-0.0153389,0.000314494
4605,-0.000527055,-0.0153409,0.000316494
4606,-0.000525055,-0.0153409,0.000316494
4607,-0.000527055,-0.0153389,0.000316494
4608,-0.000525055,-0.0153389,0.000316494
4609,-0.000527055,-0.0153409,0.000316494
4610,-0.000525055,-0.0153409,0.000316494
4611,-0.000527055,-0.0153389,0.000316494
4612,-0.000525055,-0.0153389,0.000316494
4613,-0.000527055,-0.0153409,0.000318494
4614,-0.000525055,-0.0153409,0.000318494
4615,-0.000527055,-0.0153389,0.000318494
4616,-0.000525055,-0.0153389,0.000318494
4617,-0.000527055,-0.0153409,0.000318494
4618,-0.000525055,-0.0153409,0.000318494
4619,-0.000527055,-0.0153389,0.000318494
4620,-0.000525055,-0.0153389,0.000318494
4621,-0.000527055,-0.0153409,0.000320494
4622,-0.000525055,-0.0153409,0.000320494
4623,-0.000527055,-0.0153389,0.000320494
4624,-0.000525055,-0.0153389,0.000320494
4625,-0.000527055,-0.0153409,0.000296494
4626,-0.000525055,-0.0153409,0.000296494
4627,-0.000527055,-0.0153389,0.000296494
4628,-0.000525055,-0.0153389,0.000296494
4629,-0.000527055,-0.0153409,0.000298494
4630,-0.000525055,-0.0153409,0.000298494
4631,-0.000527055,-0.0153389,0.000298494
4632,-0.000525055,-0.0153389,0.000298494
4633,-0.000527055,-0.0153409,0.000298494
4634,-0.000525055,-0.0153409,0.000298494
4635,-0.000527055,-0.0153389,0.000298494
4636,-0.000525055,-0.0153389,0.000298494
4637,-0.000527055,-0.0153409,0.000300494
4638,-0.000525055,-0.0153409,0.000300494
4639,-0.000527055,-0.0153389,0.000300494
4640,-0.000525055,-0.0153389,0.000300494
4641,-0.000527055,-0.0153409,0.000300494
4642,-0.000525055,-0.0153409,0.000300494
4643,-0.000527055,-0.0153389,0.000300494
4644,-0.000525055,-0.0153389,0.000300494
4645,-0.000527055,-0.0153409,0.000302494
4646,-0.000525055,-0.0153409,0.000302494
4647,-0.000527055,-0.0153389,0.000302494
4648,-0.000525055,-0.0153389,0.000302494
4649,-0.000527055,-0.0153409,0.000310494
4650,-0.000525055,-0.0153409,0.000310494
4651,-0.000527055,-0.0153389,0.000310494
4652,-0.000525055,-0.0153389,0.000310494
4653,-0.000527055,-0.0153409,0.000312494
4654,-0.000525055,-0.0153409,0.000312494
4655,-0.000527055,-0.0153389,0.000312494
4656,-0.000525055,-0.0153389,0.000312494
4657,-0.000527055,-0.0153389,0.000294494
4658,-0.000525055,-0.0153389,0.000294494
4659,-0.000527055,-0.0153369,0.000294494
4660,-0.000525055,-0.0153369,0.000294494
4661,-0.000527055,-0.0153389,0.000296494
4662,-0.000525055,-0.0153389,0.000296494
4663,-0.000527055,-0.0153369,0.000296494
4664,-0.000525055,-0.0153369,0.000296494
4665,-0.000527055,-0.0153389,0.000314494
4666,-0.000525055,-0.0153389,0.000314494
4667,-0.000527055,-0.0153369,0.000314494
4668,-0.000525055,-0.0153369,0.000314494
4669,-0.000527055,-0.0153389,0.000316494
4670,-0.000525055,-0.0153389,0.000316494
4671,-0.000527055,-0.0153369,0.000316494
4672,-0.000525055,-0.0153369,0.000316494
4673,-0.000527055,-0.0153389,0.000316494
4674,-0.000525055,-0.0153389,0.000316494
4675,-0.000527055,-0.0153369,0.000316494
4676,-0.000525055,-0.0153369,0.000316494
4677,-0.000527055,-0.0153389,0.000318494
4678,-0.000525055,-0.0153389,0.000318494
4679,-0.000527055,-0.0153369,0.000318494
4680,-0.000525055,-0.0153369,0.000318494
4681,-0.000527055,-0.0153389,0.000318494
4682,-0.000525055,-0.0153389,0.000318494
4683,-0.000527055,-0.0153369,0.000318494
4684,-0.000525055,-0.0153369,0.000318494
4685,-0.000527055,-0.0153389,0.000320494
4686,-0.000525055,-0.0153389,0.000320494
4687,-0.000527055,-0.0153369,0.000320494
4688,-0.000525055,-0.0153369,0.000320494
4689,-0.000527055,-0.0153389,0.000320494
4690,-0.000525055,-0.0153389,0.000320494
4691,-0.000527055,-0.0153369,0.000320494
4692,-0.000525055,-0.0153369,0.000320494
4693,-0.000527055,-0.0153389,0.000322494
4694,-0.000525055,-0.0153389,0.000322494
4695,-0.000527055,-0.0153369,0.000322494
4696,-0.000525055,-0.0153369,0.000322494
4697,-0.000527055,-0.0153389,0.000322494
4698,-0.000525055,-0.0153389,0.000322494
4699,-0.000527055,-0.0153369,0.000322494
4700,-0.000525055,-0.0153369,0.000322494
4701,-0.000527055,-0.0153389,0.000324494
4702,-0.000525055,-0.0153389,0.000324494
4703,-0.000527055,-0.0153369,0.000324494
4704,-0.000525055,-0.0153369,0.000324494
4705,-0.000527055,-0.0153389,0.000296494
4706,-0.000525055,-0.0153389,0.000296494
4707,-0.000527055,-0.0153369,0.000296494
4708,-0.000525055,-0.0153369,0.000296494
4709,-0.000527055,-0.0153389,0.000298494
4710,-0.000525055,-0.0153389,0.000298494
4711,-0.000527055,-0.0153369,0.000298494
4712,-0.000525055,-0.0153369,0.000298494
4713,-0.000527055,-0.0153389,0.000298494
4714,-0.000525055,-0.0153389,0.000298494
4715,-0.000527055,-0.0153369,0.000298494
4716,-0.000525055,-0.0153369,0.000298494
4717,-0.000527055,-0.0153389,0.000300494
4718,-0.000525055,-0.0153389,0.000300494
4719,-0.000527055,-0.0153369,0.000300494
4720,-0.000525055,-0.0153369,0.000300494
4721,-0.000527055,-0.0153389,0.000300494
4722,-0.000525055,-0.0153389,0.000300494
4723,-0.000527055,-0.0153369,0.000300494
4724,-0.000525055,-0.0153369,0.000300494
4725,-0.000527055,-0.0153389,0.000302494
4726,-0.000525055,-0.0153389,0.000302494
4727,-0.000527055,-0.0153369,0.000302494
4728,-0.000525055,-0.0153369,0.000302494
4729,-0.000527055,-0.0153389,0.000302494
4730,-0.000525055,-0.0153389,0.000302494
4731,-0.000527055,-0.0153369,0.000302494
4732,-0.000525055,-0.0153369,0.000302494
4733,-0.000527055,-0.0153389,0.000304494
4734,-0.000525055,-0.0153389,0.000304494
4735,-0.000527055,-0.0153369,0.000304494
4736,-0.000525055,-0.0153369,0.000304494
4737,-0.000527055,-0.0153369,0.000294494
4738,-0.000525055,-0.0153369,0.000294494
4739,-0.000527055,-0.0153349,0.000294494
4740,-0.000525055,-0.0153349,0.000294494
4741,-0.000527055,-0.0153369,0.000296494
4742,-0.000525055,-0.0153369,0.000296494
4743,-0.000527055,-0.0153349,0.000296494
4744,-0.000525055,-0.0153349,0.000296494
4745,-0.000527055,-0.0153369,0.000320494
4746,-0.000525055,-0.0153369,0.000320494
4747,-0.000527055,-0.0153349,0.000320494
4748,-0.000525055,-0.0153349,0.000320494
4749,-0.000527055,-0.0153369,0.000322494
4750,-0.000525055,-0.0153369,0.000322494
4751,-0.000527055,-0.0153349,0.000322494
4752,-0.000525055,-0.0153349,0.000322494
4753,-0.000527055,-0.0153369,0.000322494
4754,-0.000525055,-0.0153369,0.000322494
4755,-0.000527055,-0.0153349,0.000322494
4756,-0.000525055,-0.0153349,0.000322494
4757,-0.000527055,-0.0153369,0.000324494
4758,-0.000525055,-0.0153369,0.000324494
4759,-0.000527055,-0.0153349,0.000324494
4760,-0.000525055,-0.0153349,0.000324494
4761,-0.000527055,-0.0153369,0.000324494
4762,-0.000525055,-0.0153369,0.000324494
4763,-0.000527055,-0.0153349,0.000324494
4764,-0.000525055,-0.0153349,0.000324494
4765,-0.000527055,-0.0153369,0.000326494
4766,-0.000525055,-0.0153369,0.000326494
4767,-0.000527055,-0.0153349,0.000326494
4768,-0.000525055,-0.0153349,0.000326494
4769,-0.000527055,-0.0153369,0.000296494
4770,-0.000525055,-0.0153369,0.000296494
4771,-0.000527055,-0.0153349,0.000296494
4772,-0.000525055,-0.0153349,0.000296494
4773,-0.000527055,-0.0153369,0.000298494
4774,-0.000525055,-0.0153369,0.000298494
4775,-0.000527055,-0.0153349,0.000298494
4776,-0.000525055,-0.0153349,0.000298494
4777,-0.000527055,-0.0153369,0.000298494
4778,-0.000525055,-0.0153369,0.000298494
4779,-0.000527055,-0.0153349,0.000298494
4780,-0.000525055,-0.0153349,0.000298494
4781,-0.000527055,-0.0153369,0.000300494
4782,-0.000525055,-0.0153369,0.000300494
4783,-0.000527055,-0.0153349,0.000300494
4784,-0.000525055,-0.0153349,0.000300494
4785,-0.000527055,-0.0153369,0.000300494
4786,-0.000525055,-0.0153369,0.000300494
4787,-0.000527055,-0.0153349,0.000300494
4788,-0.000525055,-0.0153349,0.000300494
4789,-0.000527055,-0.0153369,0.000302494
4790,-0.000525055,-0.0153369,0.000302494
4791,-0.000527055,-0.0153349,0.000302494
4792,-0.000525055,-0.0153349,0.000302494
4793,-0.000527055,-0.0153349,0.000294494
4794,-0.000525055,-0.0153349,0.000294494
4795,-0.000527055,-0.0153329,0.000294494
4796,-0.000525055,-0.0153329,0.000294494
4797,-0.000527055,-0.0153349,0.000296494
4798,-0.000525055,-0.0153349,0.000296494
4799,-0.000527055,-0.0153329,0.000296494
4800,-0.000525055,-0.0153329,0.000296494
4801,-0.000527055,-0.0153349,0.000324494
4802,-0.000525055,-0.0153349,0.000324494
4803,-0.000527055,-0.0153329,0.000324494
4804,-0.000525055,-0.0153329,0.000324494
4805,-0.000527055,-0.0153349,0.000326494
4806,-0.000525055,-0.0153349,0.000326494
4807,-0.000527055,-0.0153329,0.000326494
4808,-0.000525055,-0.0153329,0.000326494
4809,-0.000527055,-0.0153349,0.000326494
4810,-0.000525055,-0.0153349,0.000326494
4811,-0.000527055,-0.0153329,0.000326494
4812,-0.000525055,-0.0153329,0.000326494
4813,-0.000527055,-0.0153349,0.00032755
4814,-0.000525055,-0.0153349,0.00032755
4815,-0.000527055,-0.0153329,0.00032755
4816,-0.000525055,-0.0153329,0.00032755
4817,-0.000527055,-0.0153349,0.000296494
4818,-0.000525055,-0.0153349,0.000296494
4819,-0.000527055,-0.0153329,0.000296494
4820,-0.000525055,-0.0153329,0.000296494
4821,-0.000527055,-0.0153349,0.000298494
4822,-0.000525055,-0.0153349,0.000298494
4823,-0.000527055,-0.0153329,0.000298494
4824,-0.000525055,-0.0153329,0.000298494
4825,-0.000527055,-0.0153349,0.000298494
4826,-0.000525055,-0.0153349,0.000298494
4827,-0.000527055,-0.0153329,0.000298494
4828,-0.000525055,-0.0153329,0.000298494
4829,-0.000527055,-0.0153349,0.000300494
4830,-0.000525055,-0.0153349,0.000300494
4831,-0.000527055,-0.0153329,0.000300494
4832,-0.000525055,-0.0153329,0.000300494
4833,-0.000527055,-0.0153349,0.000300494
4834,-0.000525055,-0.0153349,0.000300494
4835,-0.000527055,-0.0153329,0.000300494
4836,-0.000525055,-0.0153329,0.000300494
4837,-0.000527055,-0.0153349,0.000302494
4838,-0.000525055,-0.0153349,0.000302494
4839,-0.000527055,-0.0153329,0.000302494
4840,-0.000525055,-0.0153329,0.000302494
4841,-0.000527055,-0.0153329,0.000324494
4842,-0.000525055,-0.0153329,0.000324494
4843,-0.000527055,-0.0153309,0.000324494
4844,-0.000525055,-0.0153309,0.000324494
4845,-0.000527055,-0.0153329,0.000326494
4846,-0.000525055,-0.0153329,0.000326494
4847,-0.000527055,-0.0153309,0.000326494
4848,-0.000525055,-0.0153309,0.000326494
4849,-0.000527055,-0.0153329,0.000326494
4850,-0.000525055,-0.0153329,0.000326494
4851,-0.000527055,-0.0153309,0.000326494
4852,-0.000525055,-0.0153309,0.000326494
4853,-0.000527055,-0.0153329,0.00032755
4854,-0.000525055,-0.0153329,0.00032755
4855,-0.000527055,-0.0153309,0.00032755
4856,-0.000525055,-0.0153309,0.00032755
4857,-0.000527055,-0.0153329,0.000296494
4858,-0.000525055,-0.0153329,0.000296494
4859,-0.000527055,-0.0153309,0.000296494
4860,-0.000525055,-0.0153309,0.000296494
4861,-0.000527055,-0.0153329,0.000298494
4862,-0.000525055,-0.0153329,0.000298494
4863,-0.000527055,-0.0153309,0.000298494
4864,-0.000525055,-0.0153309,0.000298494
4865,-0.000527055,-0.0153329,0.000298494
4866,-0.000525055,-0.0153329,0.000298494
4867,-0.000527055,-0.0153309,0.000298494
4868,-0.000525055,-0.0153309,0.000298494
4869,-0.000527055,-0.0153329,0.000300494
4870,-0.000525055,-0.0153329,0.000300494
4871,-0.000527055,-0.0153309,0.000300494
4872,-0.000525055,-0.0153309,0.000300494
4873,-0.000527055,-0.0153329,0.000300494
4874,-0.000525055,-0.0153329,0.000300494
4875,-0.000527055,-0.0153309,0.000300494
4876,-0.000525055,-0.0153309,0.000300494
4877,-0.000527055,-0.0153329,0.000302494
4878,-0.000525055,-0.0153329,0.000302494
4879,-0.000527055,-0.0153309,0.000302494
4880,-0.000525055,-0.0153309,0.000302494
4881,-0.000527055,-0.0153309,0.000324494
4882,-0.000525055,-0.0153309,0.000324494
4883,-0.000527055,-0.0153289,0.000324494
4884,-0.000525055,-0.0153289,0.000324494
4885,-0.000527055,-0.0153309,0.000326494
4886,-0.000525055,-0.0153309,0.000326494
4887,-0.000527055,-0.0153289,0.000326494
4888,-0.000525055,-0.0153289,0.000326494
4889,-0.000527055,-0.0153309,0.000326494
4890,-0.000525055,-0.0153309,0.000326494
4891,-0.000527055,-0.0153289,0.000326494
4892,-0.000525055,-0.0153289,0.000326494
4893,-0.000527055,-0.0153309,0.00032755
4894,-0.000525055,-0.0153309,0.00032755
4895,-0.000527055,-0.0153289,0.00032755
4896,-0.000525055,-0.0153289,0.00032755
4897,-0.000527055,-0.0153309,0.000298494
4898,-0.000525055,-0.0153309,0.000298494
4899,-0.000527055,-0.0153289,0.000298494
4900,-0.000525055,-0.0153289,0.000298494
4901,-0.000527055,-0.0153309,0.000300494
4902,-0.000525055,-0.0153309,0.000300494
4903,-0.000527055,-0.0153289,0.000300494
4904,-0.000525055,-0.0153289,0.000300494
4905,-0.000527055,-0.0153309,0.000300494
4906,-0.000525055,-0.0153309,0.000300494
4907,-0.000527055,-0.0153289,0.000300494
4908,-0.000525055,-0.0153289,0.000300494
4909,-0.000527055,-0.0153309,0.000302494
4910,-0.000525055,-0.0153309,0.000302494
4911,-0.000527055,-0.0153289,0.000302494
4912,-0.000525055,-0.0153289,0.000302494
4913,-0.000527055,-0.0153309,0.000302494
4914,-0.000525055,-0.0153309,0.000302494
4915,-0.000527055,-0.0153289,0.000302494
4916,-0.000525055,-0.0153289,0.000302494
4917,-0.000527055,-0.0153309,0.000304494
4918,-0.000525055,-0.0153309,0.000304494
4919,-0.000527055,-0.0153289,0.000304494
4920,-0.000525055,-0.0153289,0.000304494
4921,-0.000527055,-0.0153289,0.000322494
4922,-0.000525055,-0.0153289,0.000322494
4923,-0.000527055,-0.0153269,0.000322494
4924,-0.000525055,-0.0153269,0.000322494
4925,-0.000527055,-0.0153289,0.000324494
4926,-0.000525055,-0.0153289,0.000324494
4927,-0.000527055,-0.0153269,0.000324494
4928,-0.000525055,-0.0153269,0.000324494
4929,-0.000527055,-0.0153289,0.000324494
4930,-0.000525055,-0.0153289,0.000324494
4931,-0.000527055,-0.0153269,0.000324494
4932,-0.000525055,-0.0153269,0.000324494
4933,-0.000527055,-0.0153289,0.000326494
4934,-0.000525055,-0.0153289,0.000326494
4935,-0.000527055,-0.0153269,0.000326494
4936,-0.000525055,-0.0153269,0.000326494
4937,-0.000527055,-0.0153289,0.000326494
4938,-0.000525055,-0.0153289,0.000326494
4939,-0.000527055,-0.0153269,0.000326494
4940,-0.000525055,-0.0153269,0.000326494
4941,-0.000527055,-0.0153289,0.00032755
4942,-0.000525055,-0.0153289,0.00032755
4943,-0.000527055,-0.0153269,0.00032755
4944,-0.000525055,-0.0153269,0.00032755
4945,-0.000527055,-0.0153289,0.000298494
4946,-0.000525055,-0.0153289,0.000298494
4947,-0.000527055,-0.0153269,0.000298494
4948,-0.000525055,-0.0153269,0.000298494
4949,-0.000527055,-0.0153289,0.000300494
4950,-0.000525055,-0.0153289,0.000300494
4951,-0.000527055,-0.0153269,0.000300494
4952,-0.000525055,-0.0153269,0.000300494
4953,-0.000527055,-0.0153289,0.000300494
4954,-0.000525055,-0.0153289,0.000300494
4955,-0.000527055,-0.0153269,0.000300494
4956,-0.000525055,-0.0153269,0.000300494
4957,-0.000527055,-0.0153289,0.000302494
4958,-0.000525055,-0.0153289,0.000302494
4959,-0.000527055,-0.0153269,0.000302494
4960,-0.000525055,-0.0153269,0.000302494
4961,-0.000525055,-0.0153449,0.000296494
4962,-0.000523055,-0.0153449,0.000296494
4963,-0.000525055,-0.0153429,0.000296494
4964,-0.000523055,-0.0153429,0.000296494
4965,-0.000525055,-0.0153449,0.000298494
4966,-0.000523055,-0.0153449,0.000298494
4967,-0.000525055,-0.0153429,0.000298494
4968,-0.000523055,-0.0153429,0.000298494
4969,-0.000525055,-0.0153449,0.000298494
4970,-0.000523055,-0.0153449,0.000298494
4971,-0.000525055,-0.0153429,0.000298494
4972,-0.000523055,-0.0153429,0.000298494
4973,-0.000525055,-0.0153449,0.000300494
4974,-0.000523055,-0.0153449,0.000300494
4975,-0.000525055,-0.0153429,0.000300494
4976,-0.000523055,-0.0153429,0.000300494
4977,-0.000525055,-0.0153449,0.000300494
4978,-0.000523055,-0.0153449,0.000300494
4979,-0.000525055,-0.0153429,0.000300494
4980,-0.000523055,-0.0153429,0.000300494
4981,-0.000525055,-0.0153449,0.000302494
4982,-0.000523055,-0.0153449,0.000302494
4983,-0.000525055,-0.0153429,0.000302494
4984,-0.000523055,-0.0153429,0.000302494
4985,-0.000525055,-0.0153449,0.000302494
4986,-0.000523055,-0.0153449,0.000302494
4987,-0.000525055,-0.0153429,0.000302494
4988,-0.000523055,-0.0153429,0.000302494
4989,-0.000525055,-0.0153449,0.000304494
4990,-0.000523055,-0.0153449,0.000304494
4991,-0.000525055,-0.0153429,0.000304494
4992,-0.000523055,-0.0153429,0.000304494
4993,-0.000525055,-0.0153449,0.000304494
4994,-0.000523055,-0.0153449,0.000304494
4995,-0.000525055,-0.0153429,0.000304494
4996,-0.000523055,-0.0153429,0.000304494
4997,-0.000525055,-0.0153449,0.000306494
4998,-0.000523055,-0.0153449,0.000306494
4999,-0.000525055,-0.0153429,0.000306494
5000,-0.000523055,-0.0153429,0.000306494
5001,-0.000525055,-0.0153449,0.000306494
5002,-0.000523055,-0.0153449,0.000306494
5003,-0.000525055,-0.0153429,0.000306494
5004,-0.000523055,-0.0153429,0.000306494
5005,-0.000525055,-0.0153449,0.000308494
5006,-0.000523055,-0.0153449,0.000308494
5007,-0.000525055,-0.0153429,0.000308494
5008,-0.000523055,-0.0153429,0.000308494
5009,-0.000525055,-0.0153449,0.000308494
5010,-0.000523055,-0.0153449,0.000308494
5011,-0.000525055,-0.0153429,0.000308494
5012,-0.000523055,-0.0153429,0.000308494
5013,-0.000525055,-0.0153449,0.000310494
5014,-0.000523055,-0.0153449,0.000310494
5015,-0.000525055,-0.0153429,0.000310494
5016,-0.000523055,-0.0153429,0.000310494
5017,-0.000525055,-0.0153269,0.000322494
5018,-0.000523055,-0.0153269,0.000322494
5019,-0.000525055,-0.0153249,0.000322494
5020,-0.000523055,-0.0153249,0.000322494
5021,-0.000525055,-0.0153269,0.000324494
5022,-0.000523055,-0.0153269,0.000324494
5023,-0.000525055,-0.0153249,0.000324494
5024,-0.000523055,-0.0153249,0.000324494
5025,-0.000525055,-0.0153269,0.000324494
5026,-0.000523055,-0.0153269,0.000324494
5027,-0.000525055,-0.0153249,0.000324494
5028,-0.000523055,-0.0153249,0.000324494
5029,-0.000525055,-0.0153269,0.000326494
5030,-0.000523055,-0.0153269,0.000326494
5031,-0.000525055,-0.0153249,0.000326494
5032,-0.000523055,-0.0153249,0.000326494
5033,-0.000525055,-0.0153269,0.000298494
5034,-0.000523055,-0.0153269,0.000298494
5035,-0.000525055,-0.0153249,0.000298494
5036,-0.000523055,-0.0153249,0.000298494
5037,-0.000525055,-0.0153269,0.000300494
5038,-0.000523055,-0.0153269,0.000300494
5039,-0.000525055,-0.0153249,0.000300494
5040,-0.000523055,-0.0153249,0.000300494
5041,-0.000525055,-0.0153269,0.000300494
5042,-0.000523055,-0.0153269,0.000300494
5043,-0.000525055,-0.0153249,0.000300494
5044,-0.000523055,-0.0153249,0.000300494
5045,-0.000525055,-0.0153269,0.000302494
5046,-0.000523055,-0.0153269,0.000302494
5047,-0.000525055,-0.0153249,0.000302494
5048,-0.000523055,-0.0153249,0.000302494
5049,-0.000525055,-0.0153269,0.000302494
5050,-0.000523055,-0.0153269,0.000302494
5051,-0.000525055,-0.0153249,0.000302494
5052,-0.000523055,-0.0153249,0.000302494
5053,-0.000525055,-0.0153269,0.000304494
5054,-0.000523055,-0.0153269,0.000304494
5055,-0.000525055,-0.0153249,0.000304494
5056,-0.000523055,-0.0153249,0.000304494
5057,-0.000525055,-0.0153249,0.000318494
5058,-0.000523055,-0.0153249,0.000318494
5059,-0.000525055,-0.0153229,0.000318494
5060,-0.000523055,-0.0153229,0.000318494
5061,-0.000525055,-0.0153249,0.000320494
5062,-0.000523055,-0.0153249,0.000320494
5063,-0.000525055,-0.0153229,0.000320494
5064,-0.000523055,-0.0153229,0.000320494
5065,-0.000525055,-0.0153249,0.000320494
5066,-0.000523055,-0.0153249,0.000320494
5067,-0.000525055,-0.0153229,0.000320494
5068,-0.000523055,-0.0153229,0.000320494
5069,-0.000525055,-0.0153249,0.000322494
5070,-0.000523055,-0.0153249,0.000322494
5071,-0.000525055,-0.0153229,0.000322494
5072,-0.000523055,-0.0153229,0.000322494
5073,-0.000525055,-0.0153249,0.000322494
5074,-0.000523055,-0.0153249,0.000322494
5075,-0.000525055,-0.0153229,0.000322494
5076,-0.000523055,-0.0153229,0.000322494
5077,-0.000525055,-0.0153249,0.000324494
5078,-0.000523055,-0.0153249,0.000324494
5079,-0.000525055,-0.0153229,0.000324494
5080,-0.000523055,-0.0153229,0.000324494
5081,-0.000525055,-0.0153249,0.000298494
5082,-0.000523055,-0.0153249,0.000298494
5083,-0.000525055,-0.0153229,0.000298494
5084,-0.000523055,-0.0153229,0.000298494
5085,-0.000525055,-0.0153249,0.000300494
5086,-0.000523055,-0.0153249,0.000300494
5087,-0.000525055,-0.0153229,0.000300494
5088,-0.000523055,-0.0153229,0.000300494
5089,-0.000525055,-0.0153249,0.000300494
5090,-0.000523055,-0.0153249,0.000300494
5091,-0.000525055,-0.0153229,0.000300494
5092,-0.000523055,-0.0153229,0.000300494
5093,-0.000525055,-0.0153249,0.000302494
5094,-0.000523055,-0.0153249,0.000302494
5095,-0.000525055,-0.0153229,0.000302494
5096,-0.000523055,-0.0153229,0.000302494
5097,-0.000525055,-0.0153249,0.000302494
5098,-0.000523055,-0.0153249,0.000302494
5099,-0.000525055,-0.0153229,0.000302494
5100,-0.000523055,-0.0153229,0.000302494
5101,-0.000525055,-0.0153249,0.000304494
5102,-0.000523055,-0.0153249,0.000304494
5103,-0.000525055,-0.0153229,0.000304494
5104,-0.000523055,-0.0153229,0.000304494
5105,-0.000525055,-0.0153229,0.000314494
5106,-0.000523055,-0.0153229,0.000314494
5107,-0.000525055,-0.0153209,0.000314494
5108,-0.000523055,-0.0153209,0.000314494
5109,-0.000525055,-0.0153229,0.000316494
5110,-0.000523055,-0.0153229,0.000316494
5111,-0.000525055,-0.0153209,0.000316494
5112,-0.000523055,-0.0153209,0.000316494
5113,-0.000525055,-0.0153229,0.000316494
5114,-0.000523055,-0.0153229,0.000316494
5115,-0.000525055,-0.0153209,0.000316494
5116,-0.000523055,-0.0153209,0.000316494
5117,-0.000525055,-0.0153229,0.000318494
5118,-0.000523055,-0.0153229,0.000318494
5119,-0.000525055,-0.0153209,0.000318494
5120,-0.000523055,-0.0153209,0.000318494
5121,-0.000525055,-0.0153229,0.000318494
5122,-0.000523055,-0.0153229,0.000318494
5123,-0.000525055,-0.0153209,0.000318494
5124,-0.000523055,-0.0153209,0.000318494
5125,-0.000525055,-0.0153229,0.000320494
5126,-0.000523055,-0.0153229,0.000320494
5127,-0.000525055,-0.0153209,0.000320494
5128,-0.000523055,-0.0153209,0.000320494
5129,-0.000525055,-0.0153229,0.000320494
5130,-0.000523055,-0.0153229,0.000320494
5131,-0.000525055,-0.0153209,0.000320494
5132,-0.000523055,-0.0153209,0.000320494
5133,-0.000525055,-0.0153229,0.000322494
5134,-0.000523055,-0.0153229,0.000322494
5135,-0.000525055,-0.0153209,0.000322494
5136,-0.000523055,-0.0153209,0.000322494
5137,-0.000525055,-0.0153229,0.000298494
5138,-0.000523055,-0.0153229,0.000298494
5139,-0.000525055,-0.0153209,0.000298494
5140,-0.000523055,-0.0153209,0.000298494
5141,-0.000525055,-0.0153229,0.000300494
5142,-0.000523055,-0.0153229,0.000300494
5143,-0.000525055,-0.0153209,0.000300494
5144,-0.000523055,-0.0153209,0.000300494
5145,-0.000525055,-0.0153229,0.000300494
5146,-0.000523055,-0.0153229,0.000300494
5147,-0.000525055,-0.0153209,0.000300494
5148,-0.000523055,-0.0153209,0.000300494
5149,-0.000525055,-0.0153229,0.000302494
5150,-0.000523055,-0.0153229,0.000302494
5151,-0.000525055,-0.0153209,0.000302494
5152,-0.000523055,-0.0153209,0.000302494
5153,-0.000525055,-0.0153229,0.000302494
5154,-0.000523055,-0.0153229,0.000302494
5155,-0.000525055,-0.0153209,0.000302494
5156,-0.000523055,-0.0153209,0.000302494
5157,-0.000525055,-0.0153229,0.000304494
5158,-0.000523055,-0.0153229,0.000304494
5159,-0.000525055,-0.0153209,0.000304494
5160,-0.000523055,-0.0153209,0.000304494
5161,-0.000525055,-0.0153209,0.000312494
5162,-0.000523055,-0.0153209,0.000312494
5163,-0.000525055,-0.0153189,0.000312494
5164,-0.000523055,-0.0153189,0.000312494
5165,-0.000525055,-0.0153209,0.000314494
5166,-0.000523055,-0.0153209,0.000314494
5167,-0.000525055,-0.0153189,0.000314494
5168,-0.000523055,-0.0153189,0.000314494
5169,-0.000525055,-0.0153209,0.000314494
5170,-0.000523055,-0.0153209,0.000314494
5171,-0.000525055,-0.0153189,0.000314494
5172,-0.000523055,-0.0153189,0.000314494
5173,-0.000525055,-0.0153209,0.000316494
5174,-0.000523055,-0.0153209,0.000316494
5175,-0.000525055,-0.0153189,0.000316494
5176,-0.000523055,-0.0153189,0.000316494
5177,-0.000525055,-0.0153209,0.000316494
5178,-0.000523055,-0.0153209,0.000316494
5179,-0.000525055,-0.0153189,0.000316494
5180,-0.000523055,-0.0153189,0.000316494
5181,-0.000525055,-0.0153209,0.000318494
5182,-0.000523055,-0.0153209,0.000318494
5183,-0.000525055,-0.0153189,0.000318494
5184,-0.000523055,-0.0153189,0.000318494
5185,-0.000525055,-0.0153209,0.000298494
5186,-0.000523055,-0.0153209,0.000298494
5187,-0.000525055,-0.0153189,0.000298494
5188,-0.000523055,-0.0153189,0.000298494
5189,-0.000525055,-0.0153209,0.000300494
5190,-0.000523055,-0.0153209,0.000300494
5191,-0.000525055,-0.0153189,0.000300494
5192,-0.000523055,-0.0153189,0.000300494
5193,-0.000525055,-0.0153209,0.000300494
5194,-0.000523055,-0.0153209,0.000300494
5195,-0.000525055,-0.0153189,0.000300494
5196,-0.000523055,-0.0153189,0.000300494
5197,-0.000525055,-0.0153209,0.000302494
5198,-0.000523055,-0.0153209,0.000302494
5199,-0.000525055,-0.0153189,0.000302494
5200,-0.000523055,-0.0153189,0.000302494
5201,-0.000525055,-0.0153209,0.000302494
5202,-0.000523055,-0.0153209,0.000302494
5203,-0.000525055,-0.0153189,0.000302494
5204,-0.000523055,-0.0153189,0.000302494
5205,-0.000525055,-0.0153209,0.000304494
5206,-0.000523055,-0.0153209,0.000304494
5207,-0.000525055,-0.0153189,0.000304494
5208,-0.000523055,-0.0153189,0.000304494
5209,-0.000525055,-0.0153209,0.000304494
5210,-0.000523055,-0.0153209,0.000304494
5211,-0.000525055,-0.0153189,0.000304494
5212,-0.000523055,-0.0153189,0.000304494
5213,-0.000525055,-0.0153209,0.000306494
5214,-0.000523055,-0.0153209,0.000306494
5215,-0.000525055,-0.0153189,0.000306494
5216,-0.000523055,-0.0153189,0.000306494
5217,-0.000525055,-0.0153209,0.000310494
5218,-0.000523055,-0.0153209,0.000310494
5219,-0.000525055,-0.0153189,0.000310494
5220,-0.000523055,-0.0153189,0.000310494
5221,-0.000525055,-0.0153209,0.000312494
5222,-0.000523055,-0.0153209,0.000312494
5223,-0.000525055,-0.0153189,0.000312494
5224,-0.000523055,-0.0153189,0.000312494
5225,-0.000525055,-0.0153189,0.000300494
5226,-0.000523055,-0.0153189,0.000300494
5227,-0.000525055,-0.0153169,0.000300494
5228,-0.000523055,-0.0153169,0.000300494
5229,-0.000525055,-0.0153189,0.000302494
5230,-0.000523055,-0.0153189,0.000302494
5231,-0.000525055,-0.0153169,0.000302494
5232,-0.000523055,-0.0153169,0.000302494
5233,-0.000525055,-0.0153189,0.000302494
5234,-0.000523055,-0.0153189,0.000302494
5235,-0.000525055,-0.0153169,0.000302494
5236,-0.000523055,-0.0153169,0.000302494
5237,-0.000525055,-0.0153189,0.000304494
5238,-0.000523055,-0.0153189,0.000304494
5239,-0.000525055,-0.0153169,0.000304494
5240,-0.000523055,-0.0153169,0.000304494
5241,-0.000525055,-0.0153189,0.000304494
5242,-0.000523055,-0.0153189,0.000304494
5243,-0.000525055,-0.0153169,0.000304494
5244,-0.000523055,-0.0153169,0.000304494
5245,-0.000525055,-0.0153189,0.000306494
5246,-0.000523055,-0.0153189,0.000306494
5247,-0.000525055,-0.0153169,0.000306494
5248,-0.000523055,-0.0153169,0.000306494
5249,-0.000525055,-0.0153189,0.000306494
5250,-0.000523055,-0.0153189,0.000306494
5251,-0.000525055,-0.0153169,0.000306494
5252,-0.000523055,-0.0153169,0.000306494
5253,-0.000525055,-0.0153189,0.000308494
5254,-0.000523055,-0.0153189,0.000308494
5255,-0.000525055,-0.0153169,0.000308494
5256,-0.000523055,-0.0153169,0.000308494
5257,-0.000525055,-0.0153189,0.000308494
5258,-0.000523055,-0.0153189,0.000308494
5259,-0.000525055,-0.0153169,0.000308494
5260,-0.000523055,-0.0153169,0.000308494
5261,-0.000525055,-0.0153189,0.000310494
5262,-0.000523055,-0.0153189,0.000310494
5263,-0.000525055,-0.0153169,0.000310494
5264,-0.000523055,-0.0153169,0.000310494
5265,-0.000525055,-0.0153189,0.000310494
5266,-0.000523055,-0.0153189,0.000310494
5267,-0.000525055,-0.0153169,0.000310494
5268,-0.000523055,-0.0153169,0.000310494
5269,-0.000525055,-0.0153189,0.000312494
5270,-0.000523055,-0.0153189,0.000312494
5271,-0.000525055,-0.0153169,0.000312494
5272,-0.000523055,-0.0153169,0.000312494
5273,-0.000525055,-0.0153169,0.000302494
5274,-0.000523055,-0.0153169,0.000302494
5275,-0.000525055,-0.0153169,0.000302494
5276,-0.000523055,-0.0153169,0.000302494
5277,-0.000525055,-0.0153169,0.000304494
5278,-0.000523055,-0.0153169,0.000304494
5279,-0.000525055,-0.0153169,0.000304494
5280,-0.000523055,-0.0153169,0.000304494
5281,-0.000525055,-0.0153169,0.000304494
5282,-0.000523055,-0.0153169,0.000304494
5283,-0.000525055,-0.0153169,0.000304494
5284,-0.000523055,-0.0153169,0.000304494
5285,-0.000525055,-0.0153169,0.000306494
5286,-0.000523055,-0.0153169,0.000306494
5287,-0.000525055,-0.0153169,0.000306494
5288,-0.000523055,-0.0153169,0.000306494
5289,-0.000525055,-0.0153169,0.000306494
5290,-0.000523055,-0.0153169,0.000306494
5291,-0.000525055,-0.0153169,0.000306494
5292,-0.000523055,-0.0153169,0.000306494
5293,-0.000525055,-0.0153169,0.000308494
5294,-0.000523055,-0.0153169,0.000308494
5295,-0.000525055,-0.0153169,0.000308494
5296,-0.000523055,-0.0153169,0.000308494
5297,-0.000525055,-0.0153169,0.000308494
5298,-0.000523055,-0.0153169,0.000308494
5299,-0.000525055,-0.0153169,0.000308494
5300,-0.000523055,-0.0153169,0.000308494
5301,-0.000525055,-0.0153169,0.000310494
5302,-0.000523055,-0.0153169,0.000310494
5303,-0.000525055,-0.0153169,0.000310494
5304,-0.000523055,-0.0153169,0.000310494
5305,-0.000525055,-0.0153429,0.000294494
5306,-0.000523055,-0.0153429,0.000294494
5307,-0.000525055,-0.0153409,0.000294494
5308,-0.000523055,-0.0153409,0.000294494
5309,-0.000525055,-0.0153429,0.000296494
5310,-0.000523055,-0.0153429,0.000296494
5311,-0.000525055,-0.0153409,0.000296494
5312,-0.000523055,-0.0153409,0.000296494
5313,-0.000525055,-0.0153429,0.000296494
5314,-0.000523055,-0.0153429,0.000296494
5315,-0.000525055,-0.0153409,0.000296494
5316,-0.000523055,-0.0153409,0.000296494
5317,-0.000525055,-0.0153429,0.000298494
5318,-0.000523055,-0.0153429,0.000298494
5319,-0.000525055,-0.0153409,0.000298494
5320,-0.000523055,-0.0153409,0.000298494
5321,-0.000525055,-0.0153429,0.000298494
5322,-0.000523055,-0.0153429,0.000298494
5323,-0.000525055,-0.0153409,0.000298494
5324,-0.000523055,-0.0153409,0.000298494
5325,-0.000525055,-0.0153429,0.000300494
5326,-0.000523055,-0.0153429,0.000300494
5327,-0.000525055,-0.0153409,0.000300494
5328,-0.000523055,-0.0153409,0.000300494
5329,-0.000525055,-0.0153429,0.000300494
5330,-0.000523055,-0.0153429,0.000300494
5331,-0.000525055,-0.0153409,0.000300494
5332,-0.000523055,-0.0153409,0.000300494
5333,-0.000525055,-0.0153429,0.000302494
5334,-0.000523055,-0.0153429,0.000302494
5335,-0.000525055,-0.0153409,0.000302494
5336,-0.000523055,-0.0153409,0.000302494
5337,-0.000525055,-0.0153429,0.000306494
5338,-0.000523055,-0.0153429,0.000306494
5339,-0.000525055,-0.0153409,0.000306494
5340,-0.000523055,-0.0153409,0.000306494
5341,-0.000525055,-0.0153429,0.000308494
5342,-0.000523055,-0.0153429,0.000308494
5343,-0.000525055,-0.0153409,0.000308494
5344,-0.000523055,-0.0153409,0.000308494
5345,-0.000525055,-0.0153429,0.000308494
5346,-0.000523055,-0.0153429,0.000308494
5347,-0.000525055,-0.0153409,0.000308494
5348,-0.000523055,-0.0153409,0.000308494
5349,-0.000525055,-0.0153429,0.000310494
5350,-0.000523055,-0.0153429,0.000310494
5351,-0.000525055,-0.0153409,0.000310494
5352,-0.000523055,-0.0153409,0.000310494
5353,-0.000525055,-0.0153429,0.000310494
5354,-0.000523055,-0.0153429,0.000310494
5355,-0.000525055,-0.0153409,0.000310494
5356,-0.000523055,-0.0153409,0.000310494
5357,-0.000525055,-0.0153429,0.000312494
5358,-0.000523055,-0.0153429,0.000312494
5359,-0.000525055,-0.0153409,0.000312494
5360,-0.000523055,-0.0153409,0.000312494
5361,-0.000525055,-0.0153409,0.000294494
5362,-0.000523055,-0.0153409,0.000294494
5363,-0.000525055,-0.0153389,0.000294494
5364,-0.000523055,-0.0153389,0.000294494
5365,-0.000525055,-0.0153409,0.000296494
5366,-0.000523055,-0.0153409,0.000296494
5367,-0.000525055,-0.0153389,0.000296494
5368,-0.000523055,-0.0153389,0.000296494
5369,-0.000525055,-0.0153409,0.000312494
5370,-0.000523055,-0.0153409,0.000312494
5371,-0.000525055,-0.0153389,0.000312494
5372,-0.000523055,-0.0153389,0.000312494
5373,-0.000525055,-0.0153409,0.000314494
5374,-0.000523055,-0.0153409,0.000314494
5375,-0.000525055,-0.0153389,0.000314494
5376,-0.000523055,-0.0153389,0.000314494
5377,-0.000525055,-0.0153409,0.000314494
5378,-0.000523055,-0.0153409,0.000314494
5379,-0.000525055,-0.0153389,0.000314494
5380,-0.000523055,-0.0153389,0.000314494
5381,-0.000525055,-0.0153409,0.000316494
5382,-0.000523055,-0.0153409,0.000316494
5383,-0.000525055,-0.0153389,0.000316494
5384,-0.000523055,-0.0153389,0.000316494
5385,-0.000525055,-0.0153409,0.000316494
5386,-0.000523055,-0.0153409,0.000316494
5387,-0.000525055,-0.0153389,0.000316494
5388,-0.000523055,-0.0153389,0.000316494
5389,-0.000525055,-0.0153409,0.000318494
5390,-0.000523055,-0.0153409,0.000318494
5391,-0.000525055,-0.0153389,0.000318494
5392,-0.000523055,-0.0153389,0.000318494
5393,-0.000525055,-0.0153409,0.000318494
5394,-0.000523055,-0.0153409,0.000318494
5395,-0.000525055,-0.0153389,0.000318494
5396,-0.000523055,-0.0153389,0.000318494
5397,-0.000525055,-0.0153409,0.000320494
5398,-0.000523055,-0.0153409,0.000320494
5399,-0.000525055,-0.0153389,0.000320494
5400,-0.000523055,-0.0153389,0.000320494
5401,-0.000525055,-0.0153409,0.000320494
5402,-0.000523055,-0.0153409,0.000320494
5403,-0.000525055,-0.0153389,0.000320494
5404,-0.000523055,-0.0153389,0.000320494
5405,-0.000525055,-0.0153409,0.000322494
5406,-0.000523055,-0.0153409,0.000322494
5407,-0.000525055,-0.0153389,0.000322494
5408,-0.000523055,-0.0153389,0.000322494
5409,-0.000525055,-0.0153409,0.000298494
5410,-0.000523055,-0.0153409,0.000298494
5411,-0.000525055,-0.0153389,0.000298494
5412,-0.000523055,-0.0153389,0.000298494
5413,-0.000525055,-0.0153409,0.000300494
5414,-0.000523055,-0.0153409,0.000300494
5415,-0.000525055,-0.0153389,0.000300494
5416,-0.000523055,-0.0153389,0.000300494
5417,-0.000525055,-0.0153409,0.000310494
5418,-0.000523055,-0.0153409,0.000310494
5419,-0.000525055,-0.0153389,0.000310494
5420,-0.000523055,-0.0153389,0.000310494
5421,-0.000525055,-0.0153409,0.000312494
5422,-0.000523055,-0.0153409,0.000312494
5423,-0.000525055,-0.0153389,0.000312494
5424,-0.000523055,-0.0153389,0.000312494
5425,-0.000525055,-0.0153389,0.000294494
5426,-0.000523055,-0.0153389,0.000294494
5427,-0.000525055,-0.0153369,0.000294494
5428,-0.000523055,-0.0153369,0.000294494
5429,-0.000525055,-0.0153389,0.000296494
5430,-0.000523055,-0.0153389,0.000296494
5431,-0.000525055,-0.0153369,0.000296494
5432,-0.000523055,-0.0153369,0.000296494
5433,-0.000525055,-0.0153389,0.000318494
5434,-0.000523055,-0.0153389,0.000318494
5435,-0.000525055,-0.0153369,0.000318494
5436,-0.000523055,-0.0153369,0.000318494
5437,-0.000525055,-0.0153389,0.000320494
5438,-0.000523055,-0.0153389,0.000320494
5439,-0.000525055,-0.0153369,0.000320494
5440,-0.000523055,-0.0153369,0.000320494
5441,-0.000525055,-0.0153389,0.000320494
5442,-0.000523055,-0.0153389,0.000320494
5443,-0.000525055,-0.0153369,0.000320494
5444,-0.000523055,-0.0153369,0.000320494
5445,-0.000525055,-0.0153389,0.000322494
5446,-0.000523055,-0.0153389,0.000322494
5447,-0.000525055,-0.0153369,0.000322494
5448,-0.000523055,-0.0153369,0.000322494
5449,-0.000525055,-0.0153389,0.000322494
5450,-0.000523055,-0.0153389,0.000322494
5451,-0.000525055,-0.0153369,0.000322494
5452,-0.000523055,-0.0153369,0.000322494
5453,-0.000525055,-0.0153389,0.000324494
5454,-0.000523055,-0.0153389,0.000324494
5455,-0.000525055,-0.0153369,0.000324494
5456,-0.000523055,-0.0153369,0.000324494
5457,-0.000525055,-0.0153389,0.000324494
5458,-0.000523055,-0.0153389,0.000324494
5459,-0.000525055,-0.0153369,0.000324494
5460,-0.000523055,-0.0153369,0.000324494
5461,-0.000525055,-0.0153389,0.000326494
5462,-0.000523055,-0.0153389,0.000326494
5463,-0.000525055,-0.0153369,0.000326494
5464,-0.000523055,-0.0153369,0.000326494
5465,-0.000525055,-0.0153389,0.000296494
5466,-0.000523055,-0.0153389,0.000296494
5467,-0.000525055,-0.0153369,0.000296494
5468,-0.000523055,-0.0153369,0.000296494
5469,-0.000525055,-0.0153389,0.000298494
5470,-0.000523055,-0.0153389,0.000298494
5471,-0.000525055,-0.0153369,0.000298494
5472,-0.000523055,-0.0153369,0.000298494
5473,-0.000525055,-0.0153389,0.000298494
5474,-0.000523055,-0.0153389,0.000298494
5475,-0.000525055,-0.0153369,0.000298494
5476,-0.000523055,-0.0153369,0.000298494
5477,-0.000525055,-0.0153389,0.000300494
5478,-0.000523055,-0.0153389,0.000300494
5479,-0.000525055,-0.0153369,0.000300494
5480,-0.000523055,-0.0153369,0.000300494
5481,-0.000525055,-0.0153389,0.000300494
5482,-0.000523055,-0.0153389,0.000300494
5483,-0.000525055,-0.0153369,0.000300494
5484,-0.000523055,-0.0153369,0.000300494
5485,-0.000525055,-0.0153389,0.000302494
5486,-0.000523055,-0.0153389,0.000302494
5487,-0.000525055,-0.0153369,0.000302494
5488,-0.000523055,-0.0153369,0.000302494
5489,-0.000525055,-0.0153369,0.000294494
5490,-0.000523055,-0.0153369,0.000294494
5491,-0.000525055,-0.0153349,0.000294494
5492,-0.000523055,-0.0153349,0.000294494
5493,-0.000525055,-0.0153369,0.000296494
5494,-0.000523055,-0.0153369,0.000296494
5495,-0.000525055,-0.0153349,0.000296494
5496,-0.000523055,-0.0153349,0.000296494
5497,-0.000525055,-0.0153369,0.000322494
5498,-0.000523055,-0.0153369,0.000322494
5499,-0.000525055,-0.0153349,0.000322494
5500,-0.000523055,-0.0153349,0.000322494
5501,-0.000525055,-0.0153369,0.000324494
5502,-0.000523055,-0.0153369,0.000324494
5503,-0.000525055,-0.0153349,0.000324494
5504,-0.000523055,-0.0153349,0.000324494
5505,-0.000525055,-0.0153369,0.000324494
5506,-0.000523055,-0.0153369,0.000324494
5507,-0.000525055,-0.0153349,0.000324494
5508,-0.000523055,-0.0153349,0.000324494
5509,-0.000525055,-0.0153369,0.000326494
5510,-0.000523055,-0.0153369,0.000326494
5511,-0.000525055,-0.0153349,0.000326494
5512,-0.000523055,-0.0153349,0.000326494
5513,-0.000525055,-0.0153369,0.000326494
5514,-0.000523055,-0.0153369,0.000326494
5515,-0.000525055,-0.0153349,0.000326494
5516,-0.000523055,-0.0153349,0.000326494
5517,-0.000525055,-0.0153369,0.00032755
5518,-0.000523055,-0.0153369,0.00032755
5519,-0.000525055,-0.0153349,0.00032755
5520,-0.000523055,-0.0153349,0.00032755
5521,-0.000525055,-0.0153369,0.000296494
5522,-0.000523055,-0.0153369,0.000296494
5523,-0.000525055,-0.0153349,0.000296494
5524,-0.000523055,-0.0153349,0.000296494
5525,-0.000525055,-0.0153369,0.000298494
5526,-0.000523055,-0.0153369,0.000298494
5527,-0.000525055,-0.0153349,0.000298494
5528,-0.000523055,-0.0153349,0.000298494
5529,-0.000525055,-0.0153369,0.000298494
5530,-0.000523055,-0.0153369,0.000298494
5531,-0.000525055,-0.0153349,0.000298494
5532,-0.000523055,-0.0153349,0.000298494
5533,-0.000525055,-0.0153369,0.000300494
5534,-0.000523055,-0.0153369,0.000300494
5535,-0.000525055,-0.0153349,0.000300494
5536,-0.000523055,-0.0153349,0.000300494
5537,-0.000525055,-0.0153349,0.000294494
5538,-0.000523055,-0.0153349,0.000294494
5539,-0.000525055,-0.0153329,0.000294494
5540,-0.000523055,-0.0153329,0.000294494
5541,-0.000525055,-0.0153349,0.000296494
5542,-0.000523055,-0.0153349,0.000296494
5543,-0.000525055,-0.0153329,0.000296494
5544,-0.000523055,-0.0153329,0.000296494
5545,-0.000525055,-0.0153349,0.000324494
5546,-0.000523055,-0.0153349,0.000324494
5547,-0.000525055,-0.0153329,0.000324494
5548,-0.000523055,-0.0153329,0.000324494
5549,-0.000525055,-0.0153349,0.000326494
5550,-0.000523055,-0.0153349,0.000326494
5551,-0.000525055,-0.0153329,0.000326494
5552,-0.000523055,-0.0153329,0.000326494
5553,-0.000525055,-0.0153349,0.000326494
5554,-0.000523055,-0.0153349,0.000326494
5555,-0.000525055,-0.0153329,0.000326494
5556,-0.000523055,-0.0153329,0.000326494
5557,-0.000525055,-0.0153349,0.00032755
5558,-0.000523055,-0.0153349,0.00032755
5559,-0.000525055,-0.0153329,0.00032755
5560,-0.000523055,-0.0153329,0.00032755
5561,-0.000525055,-0.0153349,0.000296494
5562,-0.000523055,-0.0153349,0.000296494
5563,-0.000525055,-0.0153329,0.000296494
5564,-0.000523055,-0.0153329,0.000296494
5565,-0.000525055,-0.0153349,0.000298494
5566,-0.000523055,-0.0153349,0.000298494
5567,-0.000525055,-0.0153329,0.000298494
5568,-0.000523055,-0.0153329,0.000298494
5569,-0.000525055,-0.0153349,0.000298494
5570,-0.000523055,-0.0153349,0.000298494
5571,-0.000525055,-0.0153329,0.000298494
5572,-0.000523055,-0.0153329,0.000298494
5573,-0.000525055,-0.0153349,0.000300494
5574,-0.000523055,-0.0153349,0.000300494
5575,-0.000525055,-0.0153329,0.000300494
5576,-0.000523055,-0.0153329,0.000300494
5577,-0.000525055,-0.0153349,0.000302494
5578,-0.000523055,-0.0153349,0.000302494
5579,-0.000525055,-0.0153329,0.000302494
5580,-0.000523055,-0.0153329,0.000302494
5581,-0.000525055,-0.0153349,0.000304494
5582,-0.000523055,-0.0153349,0.000304494
5583,-0.000525055,-0.0153329,0.000304494
5584,-0.000523055,-0.0153329,0.000304494
5585,-0.000525055,-0.0153329,0.000326494
5586,-0.000523055,-0.0153329,0.000326494
5587,-0.000525055,-0.0153309,0.000326494
5588,-0.000523055,-0.0153309,0.000326494
5589,-0.000525055,-0.0153329,0.00032755
5590,-0.000523055,-0.0153329,0.00032755
5591,-0.000525055,-0.0153309,0.00032755
5592,-0.000523055,-0.0153309,0.00032755
5593,-0.000525055,-0.0153329,0.000296494
5594,-0.000523055,-0.0153329,0.000296494
5595,-0.000525055,-0.0153309,0.000296494
5596,-0.000523055,-0.0153309,0.000296494
5597,-0.000525055,-0.0153329,0.000298494
5598,-0.000523055,-0.0153329,0.000298494
5599,-0.000525055,-0.0153309,0.000298494
5600,-0.000523055,-0.0153309,0.000298494
5601,-0.000525055,-0.0153329,0.000298494
5602,-0.000523055,-0.0153329,0.000298494
5603,-0.000525055,-0.0153309,0.000298494
5604,-0.000523055,-0.0153309,0.000298494
5605,-0.000525055,-0.0153329,0.000300494
5606,-0.000523055,-0.0153329,0.000300494
5607,-0.000525055,-0.0153309,0.000300494
5608,-0.000523055,-0.0153309,0.000300494
5609,-0.000525055,-0.0153329,0.000300494
5610,-0.000523055,-0.0153329,0.000300494
5611,-0.000525055,-0.0153309,0.000300494
5612,-0.000523055,-0.0153309,0.000300494
5613,-0.000525055,-0.0153329,0.000302494
5614,-0.000523055,-0.0153329,0.000302494
5615,-0.000525055,-0.0153309,0.000302494
5616,-0.000523055,-0.0153309,0.000302494
5617,-0.000525055,-0.0153309,0.000326494
5618,-0.000523055,-0.0153309,0.000326494
5619,-0.000525055,-0.0153289,0.000326494
5620,-0.000523055,-0.0153289,0.000326494
5621,-0.000525055,-0.0153309,0.00032755
5622,-0.000523055,-0.0153309,0.00032755
5623,-0.000525055,-0.0153289,0.00032755
5624,-0.000523055,-0.0153289,0.00032755
5625,-0.000525055,-0.0153309,0.000296494
5626,-0.000523055,-0.0153309,0.000296494
5627,-0.000525055,-0.0153289,0.000296494
5628,-0.000523055,-0.0153289,0.000296494
5629,-0.000525055,-0.0153309,0.000298494
5630,-0.000523055,-0.0153309,0.000298494
5631,-0.000525055,-0.0153289,0.000298494
5632,-0.000523055,-0.0153289,0.000298494
5633,-0.000525055,-0.0153309,0.000298494
5634,-0.000523055,-0.0153309,0.000298494
5635,-0.000525055,-0.0153289,0.000298494
5636,-0.000523055,-0.0153289,0.000298494
5637,-0.000525055,-0.0153309,0.000300494
5638,-0.000523055,-0.0153309,0.000300494
5639,-0.000525055,-0.0153289,0.000300494
5640,-0.000523055,-0.0153289,0.000300494
5641,-0.000525055,-0.0153309,0.000300494
5642,-0.000523055,-0.0153309,0.000300494
5643,-0.000525055,-0.0153289,0.000300494
5644,-0.000523055,-0.0153289,0.000300494
5645,-0.000525055,-0.0153309,0.000302494
5646,-0.000523055,-0.0153309,0.000302494
5647,-0.000525055,-0.0153289,0.000302494
5648,-0.000523055,-0.0153289,0.000302494
5649,-0.000525055,-0.0153289,0.000324494
5650,-0.000523055,-0.0153289,0.000324494
5651,-0.000525055,-0.0153269,0.000324494
5652,-0.000523055,-0.0153269,0.000324494
5653,-0.000525055,-0.0153289,0.000326494
5654,-0.000523055,-0.0153289,0.000326494
5655,-0.000525055,-0.0153269,0.000326494
5656,-0.000523055,-0.0153269,0.000326494
5657,-0.000525055,-0.0153289,0.000326494
5658,-0.000523055,-0.0153289,0.000326494
5659,-0.000525055,-0.0153269,0.000326494
5660,-0.000523055,-0.0153269,0.000326494
5661,-0.000525055,-0.0153289,0.00032755
5662,-0.000523055,-0.0153289,0.00032755
5663,-0.000525055,-0.0153269,0.00032755
5664,-0.000523055,-0.0153269,0.00032755
5665,-0.000525055,-0.0153289,0.000298494
5666,-0.000523055,-0.0153289,0.000298494
5667,-0.000525055,-0.0153269,0.000298494
5668,-0.000523055,-0.0153269,0.000298494
5669,-0.000525055,-0.0153289,0.000300494
5670,-0.000523055,-0.0153289,0.000300494
5671,-0.000525055,-0.0153269,0.000300494
5672,-0.000523055,-0.0153269,0.000300494
5673,-0.000525055,-0.0153289,0.000300494
5674,-0.000523055,-0.0153289,0.000300494
5675,-0.000525055,-0.0153269,0.000300494
5676,-0.000523055,-0.0153269,0.000300494
5677,-0.000525055,-0.0153289,0.000302494
5678,-0.000523055,-0.0153289,0.000302494
5679,-0.000525055,-0.0153269,0.000302494
5680,-0.000523055,-0.0153269,0.000302494
5681,-0.000523055,-0.0153449,0.000296494
5682,-0.000521055,-0.0153449,0.000296494
5683,-0.000523055,-0.0153429,0.000296494
5684,-0.000521055,-0.0153429,0.000296494
5685,-0.000523055,-0.0153449,0.000298494
5686,-0.000521055,-0.0153449,0.000298494
5687,-0.000523055,-0.0153429,0.000298494
5688,-0.000521055,-0.0153429,0.000298494
5689,-0.000523055,-0.0153449,0.000298494
5690,-0.000521055,-0.0153449,0.000298494
5691,-0.000523055,-0.0153429,0.000298494
5692,-0.000521055,-0.0153429,0.000298494
5693,-0.000523055,-0.0153449,0.000300494
5694,-0.000521055,-0.0153449,0.000300494
5695,-0.000523055,-0.0153429,0.000300494
5696,-0.000521055,-0.0153429,0.000300494
5697,-0.000523055,-0.0153449,0.000300494
5698,-0.000521055,-0.0153449,0.000300494
5699,-0.000523055,-0.0153429,0.000300494
5700,-0.000521055,-0.0153429,0.000300494
5701,-0.000523055,-0.0153449,0.000302494
5702,-0.000521055,-0.0153449,0.000302494
5703,-0.000523055,-0.0153429,0.000302494
5704,-0.000521055,-0.0153429,0.000302494
5705,-0.000523055,-0.0153449,0.000302494
5706,-0.000521055,-0.0153449,0.000302494
5707,-0.000523055,-0.0153429,0.000302494
5708,-0.000521055,-0.0153429,0.000302494
5709,-0.000523055,-0.0153449,0.000304494
5710,-0.000521055,-0.0153449,0.000304494
5711,-0.000523055,-0.0153429,0.000304494
5712,-0.000521055,-0.0153429,0.000304494
5713,-0.000523055,-0.0153449,0.000304494
5714,-0.000521055,-0.0153449,0.000304494
5715,-0.000523055,-0.0153429,0.000304494
5716,-0.000521055,-0.0153429,0.000304494
5717,-0.000523055,-0.0153449,0.000306494
5718,-0.000521055,-0.0153449,0.000306494
5719,-0.000523055,-0.0153429,0.000306494
5720,-0.000521055,-0.0153429,0.000306494
5721,-0.000523055,-0.0153449,0.000306494
5722,-0.000521055,-0.0153449,0.000306494
5723,-0.000523055,-0.0153429,0.000306494
5724,-0.000521055,-0.0153429,0.000306494
5725,-0.000523055,-0.0153449,0.000308494
5726,-0.000521055,-0.0153449,0.000308494
5727,-0.000523055,-0.0153429,0.000308494
5728,-0.000521055,-0.0153429,0.000308494
5729,-0.000523055,-0.0153449,0.000308494
5730,-0.000521055,-0.0153449,0.000308494
5731,-0.000523055,-0.0153429,0.000308494
5732,-0.000521055,-0.0153429,0.000308494
5733,-0.000523055,-0.0153449,0.000310494
5734,-0.000521055,-0.0153449,0.000310494
5735,-0.000523055,-0.0153429,0.000310494
5736,-0.000521055,-0.0153429,0.000310494
5737,-0.000523055,-0.0153269,0.000322494
5738,-0.000521055,-0.0153269,0.000322494
5739,-0.000523055,-0.0153249,0.000322494
5740,-0.000521055,-0.0153249,0.000322494
5741,-0.000523055,-0.0153269,0.000324494
5742,-0.000521055,-0.0153269,0.000324494
5743,-0.000523055,-0.0153249,0.000324494
5744,-0.000521055,-0.0153249,0.000324494
5745,-0.000523055,-0.0153269,0.000324494
5746,-0.000521055,-0.0153269,0.000324494
5747,-0.000523055,-0.0153249,0.000324494
5748,-0.000521055,-0.0153249,0.000324494
5749,-0.000523055,-0.0153269,0.000326494
5750,-0.000521055,-0.0153269,0.000326494
5751,-0.000523055,-0.0153249,0.000326494
5752,-0.000521055,-0.0153249,0.000326494
5753,-0.000523055,-0.0153269,0.000298494
5754,-0.000521055,-0.0153269,0.000298494
5755,-0.000523055,-0.0153249,0.000298494
5756,-0.000521055,-0.0153249,0.000298494
5757,-0.000523055,-0.0153269,0.000300494
5758,-0.000521055,-0.0153269,0.000300494
5759,-0.000523055,-0.0153249,0.000300494
5760,-0.000521055,-0.0153249,0.000300494
5761,-0.000523055,-0.0153269,0.000300494
5762,-0.000521055,-0.0153269,0.000300494
5763,-0.000523055,-0.0153249,0.000300494
5764,-0.000521055,-0.0153249,0.000300494
5765,-0.000523055,-0.0153269,0.000302494
5766,-0.000521055,-0.0153269,0.000302494
5767,-0.000523055,-0.0153249,0.000302494
5768,-0.000521055,-0.0153249,0.000302494
5769,-0.000523055,-0.0153249,0.000320494
5770,-0.000521055,-0.0153249,0.000320494
5771,-0.000523055,-0.0153229,0.000320494
5772,-0.000521055,-0.0153229,0.000320494
5773,-0.000523055,-0.0153249,0.000322494
5774,-0.000521055,-0.0153249,0.000322494
5775,-0.000523055,-0.0153229,0.000322494
5776,-0.000521055,-0.0153229,0.000322494
5777,-0.000523055,-0.0153249,0.000322494
5778,-0.000521055,-0.0153249,0.000322494
5779,-0.000523055,-0.0153229,0.000322494
5780,-0.000521055,-0.0153229,0.000322494
5781,-0.000523055,-0.0153249,0.000324494
5782,-0.000521055,-0.0153249,0.000324494
5783,-0.000523055,-0.0153229,0.000324494
5784,-0.000521055,-0.0153229,0.000324494
5785,-0.000523055,-0.0153249,0.000298494
5786,-0.000521055,-0.0153249,0.000298494
5787,-0.000523055,-0.0153229,0.000298494
5788,-0.000521055,-0.0153229,0.000298494
5789,-0.000523055,-0.0153249,0.000300494
5790,-0.000521055,-0.0153249,0.000300494
5791,-0.000523055,-0.0153229,0.000300494
5792,-0.000521055,-0.0153229,0.000300494
5793,-0.000523055,-0.0153249,0.000300494
5794,-0.000521055,-0.0153249,0.000300494
5795,-0.000523055,-0.0153229,0.000300494
5796,-0.000521055,-0.0153229,0.000300494
5797,-0.000523055,-0.0153249,0.000302494
5798,-0.000521055,-0.0153249,0.000302494
5799,-0.000523055,-0.0153229,0.000302494
5800,-0.000521055,-0.0153229,0.000302494
5801,-0.000523055,-0.0153249,0.000302494
5802,-0.000521055,-0.0153249,0.000302494
5803,-0.000523055,-0.0153229,0.000302494
5804,-0.000521055,-0.0153229,0.000302494
5805,-0.000523055,-0.0153249,0.000304494
5806,-0.000521055,-0.0153249,0.000304494
5807,-0.000523055,-0.0153229,0.000304494
5808,-0.000521055,-0.0153229,0.000304494
5809,-0.000523055,-0.0153229,0.000316494
5810,-0.000521055,-0.0153229,0.000316494
5811,-0.000523055,-0.0153209,0.000316494
5812,-0.000521055,-0.0153209,0.000316494
5813,-0.000523055,-0.0153229,0.000318494
5814,-0.000521055,-0.0153229,0.000318494
5815,-0.000523055,-0.0153209,0.000318494
5816,-0.000521055,-0.0153209,0.000318494
5817,-0.000523055,-0.0153229,0.000318494
5818,-0.000521055,-0.0153229,0.000318494
5819,-0.000523055,-0.0153209,0.000318494
5820,-0.000521055,-0.0153209,0.000318494
5821,-0.000523055,-0.0153229,0.000320494
5822,-0.000521055,-0.0153229,0.000320494
5823,-0.000523055,-0.0153209,0.000320494
5824,-0.000521055,-0.0153209,0.000320494
5825,-0.000523055,-0.0153229,0.000320494
5826,-0.000521055,-0.0153229,0.000320494
5827,-0.000523055,-0.0153209,0.000320494
5828,-0.000521055,-0.0153209,0.000320494
5829,-0.000523055,-0.0153229,0.000322494
5830,-0.000521055,-0.0153229,0.000322494
5831,-0.000523055,-0.0153209,0.000322494
5832,-0.000521055,-0.0153209,0.000322494
5833,-0.000523055,-0.0153229,0.000298494
5834,-0.000521055,-0.0153229,0.000298494
5835,-0.000523055,-0.0153209,0.000298494
5836,-0.000521055,-0.0153209,0.000298494
5837,-0.000523055,-0.0153229,0.000300494
5838,-0.000521055,-0.0153229,0.000300494
5839,-0.000523055,-0.0153209,0.000300494
5840,-0.000521055,-0.0153209,0.000300494
5841,-0.000523055,-0.0153229,0.000300494
5842,-0.000521055,-0.0153229,0.000300494
5843,-0.000523055,-0.0153209,0.000300494
5844,-0.000521055,-0.0153209,0.000300494
5845,-0.000523055,-0.0153229,0.000302494
5846,-0.000521055,-0.0153229,0.000302494
5847,-0.000523055,-0.0153209,0.000302494
5848,-0.000521055,-0.0153209,0.000302494
5849,-0.000523055,-0.0153229,0.000302494
5850,-0.000521055,-0.0153229,0.000302494
5851,-0.000523055,-0.0153209,0.000302494
5852,-0.000521055,-0.0153209,0.000302494
5853,-0.000523055,-0.0153229,0.000304494
5854,-0.000521055,-0.0153229,0.000304494
5855,-0.000523055,-0.0153209,0.000304494
5856,-0.000521055,-0.0153209,0.000304494
5857,-0.000523055,-0.0153229,0.000304494
5858,-0.000521055,-0.0153229,0.000304494
5859,-0.000523055,-0.0153209,0.000304494
5860,-0.000521055,-0.0153209,0.000304494
5861,-0.000523055,-0.0153229,0.000306494
5862,-0.000521055,-0.0153229,0.000306494
5863,-0.000523055,-0.0153209,0.000306494
5864,-0.000521055,-0.0153209,0.000306494
5865,-0.000523055,-0.0153209,0.000312494
5866,-0.000521055,-0.0153209,0.000312494
5867,-0.000523055,-0.0153189,0.000312494
5868,-0.000521055,-0.0153189,0.000312494
5869,-0.000523055,-0.0153209,0.000314494
5870,-0.000521055,-0.0153209,0.000314494
5871,-0.000523055,-0.0153189,0.000314494
5872,-0.000521055,-0.0153189,0.000314494
5873,-0.000523055,-0.0153209,0.000314494
5874,-0.000521055,-0.0153209,0.000314494
5875,-0.000523055,-0.0153189,0.000314494
5876,-0.000521055,-0.0153189,0.000314494
5877,-0.000523055,-0.0153209,0.000316494
5878,-0.000521055,-0.0153209,0.000316494
5879,-0.000523055,-0.0153189,0.000316494
5880,-0.000521055,-0.0153189,0.000316494
5881,-0.000523055,-0.0153209,0.000316494
5882,-0.000521055,-0.0153209,0.000316494
5883,-0.000523055,-0.0153189,0.000316494
5884,-0.000521055,-0.0153189,0.000316494
5885,-0.000523055,-0.0153209,0.000318494
5886,-0.000521055,-0.0153209,0.000318494
5887,-0.000523055,-0.0153189,0.000318494
5888,-0.000521055,-0.0153189,0.000318494
5889,-0.000523055,-0.0153209,0.000298494
5890,-0.000521055,-0.0153209,0.000298494
5891,-0.000523055,-0.0153189,0.000298494
5892,-0.000521055,-0.0153189,0.000298494
5893,-0.000523055,-0.0153209,0.000300494
5894,-0.000521055,-0.0153209,0.000300494
5895,-0.000523055,-0.0153189,0.000300494
5896,-0.000521055,-0.0153189,0.000300494
5897,-0.000523055,-0.0153209,0.000300494
5898,-0.000521055,-0.0153209,0.000300494
5899,-0.000523055,-0.0153189,0.000300494
5900,-0.000521055,-0.0153189,0.000300494
5901,-0.000523055,-0.0153209,0.000302494
5902,-0.000521055,-0.0153209,0.000302494
5903,-0.000523055,-0.0153189,0.000302494
5904,-0.000521055,-0.0153189,0.000302494
5905,-0.000523055,-0.0153209,0.000302494
5906,-0.000521055,-0.0153209,0.000302494
5907,-0.000523055,-0.0153189,0.000302494
5908,-0.000521055,-0.0153189,0.000302494
5909,-0.000523055,-0.0153209,0.000304494
5910,-0.000521055,-0.0153209,0.000304494
5911,-0.000523055,-0.0153189,0.000304494
5912,-0.000521055,-0.0153189,0.000304494
5913,-0.000523055,-0.0153209,0.000310494
5914,-0.000521055,-0.0153209,0.000310494
5915,-0.000523055,-0.0153189,0.000310494
5916,-0.000521055,-0.0153189,0.000310494
5917,-0.000523055,-0.0153209,0.000312494
5918,-0.000521055,-0.0153209,0.000312494
5919,-0.000523055,-0.0153189,0.000312494
5920,-0.000521055,-0.0153189,0.000312494
5921,-0.000523055,-0.0153189,0.000300494
5922,-0.000521055,-0.0153189,0.000300494
5923,-0.000523055,-0.0153169,0.000300494
5924,-0.000521055,-0.0153169,0.000300494
5925,-0.000523055,-0.0153189,0.000302494
5926,-0.000521055,-0.0153189,0.000302494
5927,-0.000523055,-0.0153169,0.000302494
5928,-0.000521055,-0.0153169,0.000302494
5929,-0.000523055,-0.0153189,0.000302494
5930,-0.000521055,-0.0153189,0.000302494
5931,-0.000523055,-0.0153169,0.000302494
5932,-0.000521055,-0.0153169,0.000302494
5933,-0.000523055,-0.0153189,0.000304494
5934,-0.000521055,-0.0153189,0.000304494
5935,-0.000523055,-0.0153169,0.000304494
5936,-0.000521055,-0.0153169,0.000304494
5937,-0.000523055,-0.0153189,0.000306494
5938,-0.000521055,-0.0153189,0.000306494
5939,-0.000523055,-0.0153169,0.000306494
5940,-0.000521055,-0.0153169,0.000306494
5941,-0.000523055,-0.0153189,0.000308494
5942,-0.000521055,-0.0153189,0.000308494
5943,-0.000523055,-0.0153169,0.000308494
5944,-0.000521055,-0.0153169,0.000308494
5945,-0.000523055,-0.0153189,0.000308494
5946,-0.000521055,-0.0153189,0.000308494
5947,-0.000523055,-0.0153169,0.000308494
5948,-0.000521055,-0.0153169,0.000308494
5949,-0.000523055,-0.0153189,0.000310494
5950,-0.000521055,-0.0153189,0.000310494
5951,-0.000523055,-0.0153169,0.000310494
5952,-0.000521055,-0.0153169,0.000310494
5953,-0.000523055,-0.0153189,0.000310494
5954,-0.000521055,-0.0153189,0.000310494
5955,-0.000523055,-0.0153169,0.000310494
5956,-0.000521055,-0.0153169,0.000310494
5957,-0.000523055,-0.0153189,0.000312494
5958,-0.000521055,-0.0153189,0.000312494
5959,-0.000523055,-0.0153169,0.000312494
5960,-0.000521055,-0.0153169,0.000312494
5961,-0.000523055,-0.0153169,0.000302494
5962,-0.000521055,-0.0153169,0.000302494
5963,-0.000523055,-0.0153169,0.000302494
5964,-0.000521055,-0.0153169,0.000302494
5965,-0.000523055,-0.0153169,0.000304494
5966,-0.000521055,-0.0153169,0.000304494
5967,-0.000523055,-0.0153169,0.000304494
5968,-0.000521055,-0.0153169,0.000304494
5969,-0.000523055,-0.0153169,0.000304494
5970,-0.000521055,-0.0153169,0.000304494
5971,-0.000523055,-0.0153169,0.000304494
5972,-0.000521055,-0.0153169,0.000304494
5973,-0.000523055,-0.0153169,0.000306494
5974,-0.000521055,-0.0153169,0.000306494
5975,-0.000523055,-0.0153169,0.000306494
5976,-0.000521055,-0.0153169,0.000306494
5977,-0.000523055,-0.0153169,0.000306494
5978,-0.000521055,-0.0153169,0.000306494
5979,-0.000523055,-0.0153169,0.000306494
5980,-0.000521055,-0.0153169,0.000306494
5981,-0.000523055,-0.0153169,0.000308494
5982,-0.000521055,-0.0153169,0.000308494
5983,-0.000523055,-0.0153169,0.000308494
5984,-0.000521055,-0.0153169,0.000308494
5985,-0.000523055,-0.0153169,0.000308494
5986,-0.000521055,-0.0153169,0.000308494
5987,-0.000523055,-0.0153169,0.000308494
5988,-0.000521055,-0.0153169,0.000308494
5989,-0.000523055,-0.0153169,0.000310494
5990,-0.000521055,-0.0153169,0.000310494
5991,-0.000523055,-0.0153169,0.000310494
5992,-0.000521055,-0.0153169,0.000310494
5993,-0.000523055,-0.0153429,0.000294494
5994,-0.000521055,-0.0153429,0.000294494
5995,-0.000523055,-0.0153409,0.000294494
5996,-0.000521055,-0.0153409,0.000294494
5997,-0.000523055,-0.0153429,0.000296494
5998,-0.000521055,-0.0153429,0.000296494
5999,-0.000523055,-0.0153409,0.000296494
6000,-0.000521055,-0.0153409,0.000296494
6001,-0.000523055,-0.0153429,0.000296494
6002,-0.000521055,-0.0153429,0.000296494
6003,-0.000523055,-0.0153409,0.000296494
6004,-0.000521055,-0.0153409,0.000296494
6005,-0.000523055,-0.0153429,0.000298494
6006,-0.000521055,-0.0153429,0.000298494
6007,-0.000523055,-0.0153409,0.000298494
6008,-0.000521055,-0.0153409,0.000298494
6009,-0.000523055,-0.0153429,0.000298494
6010,-0.000521055,-0.0153429,0.000298494
6011,-0.000523055,-0.0153409,0.000298494
6012,-0.000521055,-0.0153409,0.000298494
6013,-0.000523055,-0.0153429,0.000300494
6014,-0.000521055,-0.0153429,0.000300494
6015,-0.000523055,-0.0153409,0.000300494
6016,-0.000521055,-0.0153409,0.000300494
6017,-0.000523055,-0.0153429,0.000306494
6018,-0.000521055,-0.0153429,0.000306494
6019,-0.000523055,-0.0153409,0.000306494
6020,-0.000521055,-0.0153409,0.000306494
6021,-0.000523055,-0.0153429,0.000308494
6022,-0.000521055,-0.0153429,0.000308494
6023,-0.000523055,-0.0153409,0.000308494
6024,-0.000521055,-0.0153409,0.000308494
6025,-0.000523055,-0.0153429,0.000308494
6026,-0.000521055,-0.0153429,0.000308494
6027,-0.000523055,-0.0153409,0.000308494
6028,-0.000521055,-0.0153409,0.000308494
6029,-0.000523055,-0.0153429,0.000310494
6030,-0.000521055,-0.0153429,0.000310494
6031,-0.000523055,-0.0153409,0.000310494
6032,-0.000521055,-0.0153409,0.000310494
6033,-0.000523055,-0.0153429,0.000310494
6034,-0.000521055,-0.0153429,0.000310494
6035,-0.000523055,-0.0153409,0.000310494
6036,-0.000521055,-0.0153409,0.000310494
6037,-0.000523055,-0.0153429,0.000312494
6038,-0.000521055,-0.0153429,0.000312494
6039,-0.000523055,-0.0153409,0.000312494
6040,-0.000521055,-0.0153409,0.000312494
6041,-0.000523055,-0.0153409,0.000294494
6042,-0.000521055,-0.0153409,0.000294494
6043,-0.000523055,-0.0153389,0.000294494
6044,-0.000521055,-0.0153389,0.000294494
6045,-0.000523055,-0.0153409,0.000296494
6046,-0.000521055,-0.0153409,0.000296494
6047,-0.000523055,-0.0153389,0.000296494
6048,-0.000521055,-0.0153389,0.000296494
6049,-0.000523055,-0.0153409,0.000312494
6050,-0.000521055,-0.0153409,0.000312494
6051,-0.000523055,-0.0153389,0.000312494
6052,-0.000521055,-0.0153389,0.000312494
6053,-0.000523055,-0.0153409,0.000314494
6054,-0.000521055,-0.0153409,0.000314494
6055,-0.000523055,-0.0153389,0.000314494
6056,-0.000521055,-0.0153389,0.000314494
6057,-0.000523055,-0.0153409,0.000314494
6058,-0.000521055,-0.0153409,0.000314494
6059,-0.000523055,-0.0153389,0.000314494
6060,-0.000521055,-0.0153389,0.000314494
6061,-0.000523055,-0.0153409,0.000316494
6062,-0.000521055,-0.0153409,0.000316494
6063,-0.000523055,-0.0153389,0.000316494
6064,-0.000521055,-0.0153389,0.000316494
6065,-0.000523055,-0.0153409,0.000316494
6066,-0.000521055,-0.0153409,0.000316494
6067,-0.000523055,-0.0153389,0.000316494
6068,-0.000521055,-0.0153389,0.000316494
6069,-0.000523055,-0.0153409,0.000318494
6070,-0.000521055,-0.0153409,0.000318494
6071,-0.000523055,-0.0153389,0.000318494
6072,-0.000521055,-0.0153389,0.000318494
6073,-0.000523055,-0.0153409,0.000318494
6074,-0.000521055,-0.0153409,0.000318494
6075,-0.000523055,-0.0153389,0.000318494
6076,-0.000521055,-0.0153389,0.000318494
6077,-0.000523055,-0.0153409,0.000320494
6078,-0.000521055,-0.0153409,0.000320494
6079,-0.000523055,-0.0153389,0.000320494
6080,-0.000521055,-0.0153389,0.000320494
6081,-0.000523055,-0.0153409,0.000320494
6082,-0.000521055,-0.0153409,0.000320494
6083,-0.000523055,-0.0153389,0.000320494
6084,-0.000521055,-0.0153389,0.000320494
6085,-0.000523055,-0.0153409,0.000322494
6086,-0.000521055,-0.0153409,0.000322494
6087,-0.000523055,-0.0153389,0.000322494
6088,-0.000521055,-0.0153389,0.000322494
6089,-0.000523055,-0.0153409,0.000322494
6090,-0.000521055,-0.0153409,0.000322494
6091,-0.000523055,-0.0153389,0.000322494
6092,-0.000521055,-0.0153389,0.000322494
6093,-0.000523055,-0.0153409,0.000324494
6094,-0.000521055,-0.0153409,0.000324494
6095,-0.000523055,-0.0153389,0.000324494
6096,-0.000521055,-0.0153389,0.000324494
6097,-0.000523055,-0.0153409,0.000296494
6098,-0.000521055,-0.0153409,0.000296494
6099,-0.000523055,-0.0153389,0.000296494
6100,-0.000521055,-0.0153389,0.000296494
6101,-0.000523055,-0.0153409,0.000298494
6102,-0.000521055,-0.0153409,0.000298494
6103,-0.000523055,-0.0153389,0.000298494
6104,-0.000521055,-0.0153389,0.000298494
6105,-0.000523055,-0.0153409,0.000298494
6106,-0.000521055,-0.0153409,0.000298494
6107,-0.000523055,-0.0153389,0.000298494
6108,-0.000521055,-0.0153389,0.000298494
6109,-0.000523055,-0.0153409,0.000300494
6110,-0.000521055,-0.0153409,0.000300494
6111,-0.000523055,-0.0153389,0.000300494
6112,-0.000521055,-0.0153389,0.000300494
6113,-0.000523055,-0.0153409,0.000300494
6114,-0.000521055,-0.0153409,0.000300494
6115,-0.000523055,-0.0153389,0.000300494
6116,-0.000521055,-0.0153389,0.000300494
6117,-0.000523055,-0.0153409,0.000302494
6118,-0.000521055,-0.0153409,0.000302494
6119,-0.000523055,-0.0153389,0.000302494
6120,-0.000521055,-0.0153389,0.000302494
6121,-0.000523055,-0.0153409,0.000310494
6122,-0.000521055,-0.0153409,0.000310494
6123,-0.000523055,-0.0153389,0.000310494
6124,-0.000521055,-0.0153389,0.000310494
6125,-0.000523055,-0.0153409,0.000312494
6126,-0.000521055,-0.0153409,0.000312494
6127,-0.000523055,-0.0153389,0.000312494
6128,-0.000521055,-0.0153389,0.000312494
6129,-0.000523055,-0.0153389,0.000294494
6130,-0.000521055,-0.0153389,0.000294494
6131,-0.000523055,-0.0153369,0.000294494
6132,-0.000521055,-0.0153369,0.000294494
6133,-0.000523055,-0.0153389,0.000296494
6134,-0.000521055,-0.0153389,0.000296494
6135,-0.000523055,-0.0153369,0.000296494
6136,-0.000521055,-0.0153369,0.000296494
6137,-0.000523055,-0.0153389,0.000320494
6138,-0.000521055,-0.0153389,0.000320494
6139,-0.000523055,-0.0153369,0.000320494
6140,-0.000521055,-0.0153369,0.000320494
6141,-0.000523055,-0.0153389,0.000322494
6142,-0.000521055,-0.0153389,0.000322494
6143,-0.000523055,-0.0153369,0.000322494
6144,-0.000521055,-0.0153369,0.000322494
6145,-0.000523055,-0.0153389,0.000322494
6146,-0.000521055,-0.0153389,0.000322494
6147,-0.000523055,-0.0153369,0.000322494
6148,-0.000521055,-0.0153369,0.000322494
6149,-0.000523055,-0.0153389,0.000324494
6150,-0.000521055,-0.0153389,0.000324494
6151,-0.000523055,-0.0153369,0.000324494
6152,-0.000521055,-0.0153369,0.000324494
6153,-0.000523055,-0.0153389,0.000324494
6154,-0.000521055,-0.0153389,0.000324494
6155,-0.000523055,-0.0153369,0.000324494
6156,-0.000521055,-0.0153369,0.000324494
6157,-0.000523055,-0.0153389,0.000326494
6158,-0.000521055,-0.0153389,0.000326494
6159,-0.000523055,-0.0153369,0.000326494
6160,-0.000521055,-0.0153369,0.000326494
6161,-0.000523055,-0.0153389,0.000296494
6162,-0.000521055,-0.0153389,0.000296494
6163,-0.000523055,-0.0153369,0.000296494
6164,-0.000521055,-0.0153369,0.000296494
6165,-0.000523055,-0.0153389,0.000298494
6166,-0.000521055,-0.0153389,0.000298494
6167,-0.000523055,-0.0153369,0.000298494
6168,-0.000521055,-0.0153369,0.000298494
6169,-0.000523055,-0.0153369,0.000294494
6170,-0.000521055,-0.0153369,0.000294494
6171,-0.000523055,-0.0153349,0.000294494
6172,-0.000521055,-0.0153349,0.000294494
6173,-0.000523055,-0.0153369,0.000296494
6174,-0.000521055,-0.0153369,0.000296494
6175,-0.000523055,-0.0153349,0.000296494
6176,-0.000521055,-0.0153349,0.000296494
6177,-0.000523055,-0.0153369,0.000324494
6178,-0.000521055,-0.0153369,0.000324494
6179,-0.000523055,-0.0153349,0.000324494
6180,-0.000521055,-0.0153349,0.000324494
6181,-0.000523055,-0.0153369,0.000326494
6182,-0.000521055,-0.0153369,0.000326494
6183,-0.000523055,-0.0153349,0.000326494
6184,-0.000521055,-0.0153349,0.000326494
6185,-0.000523055,-0.0153369,0.000326494
6186,-0.000521055,-0.0153369,0.000326494
6187,-0.000523055,-0.0153349,0.000326494
6188,-0.000521055,-0.0153349,0.000326494
6189,-0.000523055,-0.0153369,0.00032755
6190,-0.000521055,-0.0153369,0.00032755
6191,-0.000523055,-0.0153349,0.00032755
6192,-0.000521055,-0.0153349,0.00032755
6193,-0.000523055,-0.0153369,0.000296494
6194,-0.000521055,-0.0153369,0.000296494
6195,-0.000523055,-0.0153349,0.000296494
6196,-0.000521055,-0.0153349,0.000296494
6197,-0.000523055,-0.0153369,0.000298494
6198,-0.000521055,-0.0153369,0.000298494
6199,-0.000523055,-0.0153349,0.000298494
6200,-0.000521055,-0.0153349,0.000298494
6201,-0.000523055,-0.0153369,0.000298494
6202,-0.000521055,-0.0153369,0.000298494
6203,-0.000523055,-0.0153349,0.000298494
6204,-0.000521055,-0.0153349,0.000298494
6205,-0.000523055,-0.0153369,0.000300494
6206,-0.000521055,-0.0153369,0.000300494
6207,-0.000523055,-0.0153349,0.000300494
6208,-0.000521055,-0.0153349,0.000300494
6209,-0.000523055,-0.0153369,0.000300494
6210,-0.000521055,-0.0153369,0.000300494
6211,-0.000523055,-0.0153349,0.000300494
6212,-0.000521055,-0.0153349,0.000300494
6213,-0.000523055,-0.0153369,0.000302494
6214,-0.000521055,-0.0153369,0.000302494
6215,-0.000523055,-0.0153349,0.000302494
6216,-0.000521055,-0.0153349,0.000302494
6217,-0.000523055,-0.0153349,0.000294494
6218,-0.000521055,-0.0153349,0.000294494
6219,-0.000523055,-0.0153329,0.000294494
6220,-0.000521055,-0.0153329,0.000294494
6221,-0.000523055,-0.0153349,0.000296494
6222,-0.000521055,-0.0153349,0.000296494
6223,-0.000523055,-0.0153329,0.000296494
6224,-0.000521055,-0.0153329,0.000296494
6225,-0.000523055,-0.0153349,0.000324494
6226,-0.000521055,-0.0153349,0.000324494
6227,-0.000523055,-0.0153329,0.000324494
6228,-0.000521055,-0.0153329,0.000324494
6229,-0.000523055,-0.0153349,0.000326494
6230,-0.000521055,-0.0153349,0.000326494
6231,-0.000523055,-0.0153329,0.000326494
6232,-0.000521055,-0.0153329,0.000326494
6233,-0.000523055,-0.0153349,0.000326494
6234,-0.000521055,-0.0153349,0.000326494
6235,-0.000523055,-0.0153329,0.000326494
6236,-0.000521055,-0.0153329,0.000326494
6237,-0.000523055,-0.0153349,0.00032755
6238,-0.000521055,-0.0153349,0.00032755
6239,-0.000523055,-0.0153329,0.00032755
6240,-0.000521055,-0.0153329,0.00032755
6241,-0.000523055,-0.0153349,0.000296494
6242,-0.000521055,-0.0153349,0.000296494
6243,-0.000523055,-0.0153329,0.000296494
6244,-0.000521055,-0.0153329,0.000296494
6245,-0.000523055,-0.0153349,0.000298494
6246,-0.000521055,-0.0153349,0.000298494
6247,-0.000523055,-0.0153329,0.000298494
6248,-0.000521055,-0.0153329,0.000298494
6249,-0.000523055,-0.0153349,0.000298494
6250,-0.000521055,-0.0153349,0.000298494
6251,-0.000523055,-0.0153329,0.000298494
6252,-0.000521055,-0.0153329,0.000298494
6253,-0.000523055,-0.0153349,0.000300494
6254,-0.000521055,-0.0153349,0.000300494
6255,-0.000523055,-0.0153329,0.000300494
6256,-0.000521055,-0.0153329,0.000300494
6257,-0.000523055,-0.0153349,0.000300494
6258,-0.000521055,-0.0153349,0.000300494
6259,-0.000523055,-0.0153329,0.000300494
6260,-0.000521055,-0.0153329,0.000300494
6261,-0.000523055,-0.0153349,0.000302494
6262,-0.000521055,-0.0153349,0.000302494
6263,-0.000523055,-0.0153329,0.000302494
6264,-0.000521055,-0.0153329,0.000302494
6265,-0.000523055,-0.0153329,0.000326494
6266,-0.000521055,-0.0153329,0.000326494
6267,-0.000523055,-0.0153309,0.000326494
6268,-0.000521055,-0.0153309,0.000326494
6269,-0.000523055,-0.0153329,0.00032755
6270,-0.000521055,-0.0153329,0.00032755
6271,-0.000523055,-0.0153309,0.00032755
6272,-0.000521055,-0.0153309,0.00032755
6273,-0.000523055,-0.0153329,0.000296494
6274,-0.000521055,-0.0153329,0.000296494
6275,-0.000523055,-0.0153309,0.000296494
6276,-0.000521055,-0.0153309,0.000296494
6277,-0.000523055,-0.0153329,0.000298494
6278,-0.000521055,-0.0153329,0.000298494
6279,-0.000523055,-0.0153309,0.000298494
6280,-0.000521055,-0.0153309,0.000298494
6281,-0.000523055,-0.0153329,0.000298494
6282,-0.000521055,-0.0153329,0.000298494
6283,-0.000523055,-0.0153309,0.000298494
6284,-0.000521055,-0.0153309,0.000298494
6285,-0.000523055,-0.0153329,0.000300494
6286,-0.000521055,-0.0153329,0.000300494
6287,-0.000523055,-0.0153309,0.000300494
6288,-0.000521055,-0.0153309,0.000300494
6289,-0.000523055,-0.0153329,0.000300494
6290,-0.000521055,-0.0153329,0.000300494
6291,-0.000523055,-0.0153309,0.000300494
6292,-0.000521055,-0.0153309,0.000300494
6293,-0.000523055,-0.0153329,0.000302494
6294,-0.000521055,-0.0153329,0.000302494
6295,-0.000523055,-0.0153309,0.000302494
6296,-0.000521055,-0.0153309,0.000302494
6297,-0.000523055,-0.0153309,0.000326494
6298,-0.000521055,-0.0153309,0.000326494
6299,-0.000523055,-0.0153289,0.000326494
6300,-0.000521055,-0.0153289,0.000326494
6301,-0.000523055,-0.0153309,0.00032755
6302,-0.000521055,-0.0153309,0.00032755
6303,-0.000523055,-0.0153289,0.00032755
6304,-0.000521055,-0.0153289,0.00032755
6305,-0.000523055,-0.0153309,0.000296494
6306,-0.000521055,-0.0153309,0.000296494
6307,-0.000523055,-0.0153289,0.000296494
6308,-0.000521055,-0.0153289,0.000296494
6309,-0.000523055,-0.0153309,0.000298494
6310,-0.000521055,-0.0153309,0.000298494
6311,-0.000523055,-0.0153289,0.000298494
6312,-0.000521055,-0.0153289,0.000298494
6313,-0.000523055,-0.0153309,0.000298494
6314,-0.000521055,-0.0153309,0.000298494
6315,-0.000523055,-0.0153289,0.000298494
6316,-0.000521055,-0.0153289,0.000298494
6317,-0.000523055,-0.0153309,0.000300494
6318,-0.000521055,-0.0153309,0.000300494
6319,-0.000523055,-0.0153289,0.000300494
6320,-0.000521055,-0.0153289,0.000300494
6321,-0.000523055,-0.0153289,0.000324494
6322,-0.000521055,-0.0153289,0.000324494
6323,-0.000523055,-0.0153269,0.000324494
6324,-0.000521055,-0.0153269,0.000324494
6325,-0.000523055,-0.0153289,0.000326494
6326,-0.000521055,-0.0153289,0.000326494
6327,-0.000523055,-0.0153269,0.000326494
6328,-0.000521055,-0.0153269,0.000326494
6329,-0.000523055,-0.0153289,0.000326494
6330,-0.000521055,-0.0153289,0.000326494
6331,-0.000523055,-0.0153269,0.000326494
6332,-0.000521055,-0.0153269,0.000326494
6333,-0.000523055,-0.0153289,0.00032755
6334,-0.000521055,-0.0153289,0.00032755
6335,-0.000523055,-0.0153269,0.00032755
6336,-0.000521055,-0.0153269,0.00032755
6337,-0.000523055,-0.0153289,0.000296494
6338,-0.000521055,-0.0153289,0.000296494
6339,-0.000523055,-0.0153269,0.000296494
6340,-0.000521055,-0.0153269,0.000296494
6341,-0.000523055,-0.0153289,0.000298494
6342,-0.000521055,-0.0153289,0.000298494
6343,-0.000523055,-0.0153269,0.000298494
6344,-0.000521055,-0.0153269,0.000298494
6345,-0.000523055,-0.0153289,0.000298494
6346,-0.000521055,-0.0153289,0.000298494
6347,-0.000523055,-0.0153269,0.000298494
6348,-0.000521055,-0.0153269,0.000298494
6349,-0.000523055,-0.0153289,0.000300494
6350,-0.000521055,-0.0153289,0.000300494
6351,-0.000523055,-0.0153269,0.000300494
6352,-0.000521055,-0.0153269,0.000300494
6353,-0.000523055,-0.0153289,0.000302494
6354,-0.000521055,-0.0153289,0.000302494
6355,-0.000523055,-0.0153269,0.000302494
6356,-0.000521055,-0.0153269,0.000302494
6357,-0.000523055,-0.0153289,0.000304494
6358,-0.000521055,-0.0153289,0.000304494
6359,-0.000523055,-0.0153269,0.000304494
6360,-0.000521055,-0.0153269,0.000304494
6361,-0.000521055,-0.0153449,0.000296494
6362,-0.000519055,-0.0153449,0.000296494
6363,-0.000521055,-0.0153429,0.000296494
6364,-0.000519055,-0.0153429,0.000296494
6365,-0.000521055,-0.0153449,0.000298494
6366,-0.000519055,-0.0153449,0.000298494
6367,-0.000521055,-0.0153429,0.000298494
6368,-0.000519055,-0.0153429,0.000298494
6369,-0.000521055,-0.0153449,0.000298494
6370,-0.000519055,-0.0153449,0.000298494
6371,-0.000521055,-0.0153429,0.000298494
6372,-0.000519055,-0.0153429,0.000298494
6373,-0.000521055,-0.0153449,0.000300494
6374,-0.000519055,-0.0153449,0.000300494
6375,-0.000521055,-0.0153429,0.000300494
6376,-0.000519055,-0.0153429,0.000300494
6377,-0.000521055,-0.0153449,0.000300494
6378,-0.000519055,-0.0153449,0.000300494
6379,-0.000521055,-0.0153429,0.000300494
6380,-0.000519055,-0.0153429,0.000300494
6381,-0.000521055,-0.0153449,0.000302494
6382,-0.000519055,-0.0153449,0.000302494
6383,-0.000521055,-0.0153429,0.000302494
6384,-0.000519055,-0.0153429,0.000302494
6385,-0.000521055,-0.0153449,0.000302494
6386,-0.000519055,-0.0153449,0.000302494
6387,-0.000521055,-0.0153429,0.000302494
6388,-0.000519055,-0.0153429,0.000302494
6389,-0.000521055,-0.0153449,0.000304494
6390,-0.000519055,-0.0153449,0.000304494
6391,-0.000521055,-0.0153429,0.000304494
6392,-0.000519055,-0.0153429,0.000304494
6393,-0.000521055,-0.0153449,0.000304494
6394,-0.000519055,-0.0153449,0.000304494
6395,-0.000521055,-0.0153429,0.000304494
6396,-0.000519055,-0.0153429,0.000304494
6397,-0.000521055,-0.0153449,0.000306494
6398,-0.000519055,-0.0153449,0.000306494
6399,-0.000521055,-0.0153429,0.000306494
6400,-0.000519055,-0.0153429,0.000306494
6401,-0.000521055,-0.0153449,0.000306494
6402,-0.000519055,-0.0153449,0.000306494
6403,-0.000521055,-0.0153429,0.000306494
6404,-0.000519055,-0.0153429,0.000306494
6405,-0.000521055,-0.0153449,0.000308494
6406,-0.000519055,-0.0153449,0.000308494
6407,-0.000521055,-0.0153429,0.000308494
6408,-0.000519055,-0.0153429,0.000308494
6409,-0.000521055,-0.0153269,0.000322494
6410,-0.000519055,-0.0153269,0.000322494
6411,-0.000521055,-0.0153249,0.000322494
6412,-0.000519055,-0.0153249,0.000322494
6413,-0.000521055,-0.0153269,0.000324494
6414,-0.000519055,-0.0153269,0.000324494
6415,-0.000521055,-0.0153249,0.000324494
6416,-0.000519055,-0.0153249,0.000324494
6417,-0.000521055,-0.0153269,0.000324494
6418,-0.000519055,-0.0153269,0.000324494
6419,-0.000521055,-0.0153249,0.000324494
6420,-0.000519055,-0.0153249,0.000324494
6421,-0.000521055,-0.0153269,0.000326494
6422,-0.000519055,-0.0153269,0.000326494
6423,-0.000521055,-0.0153249,0.000326494
6424,-0.000519055,-0.0153249,0.000326494
6425,-0.000521055,-0.0153269,0.000298494
6426,-0.000519055,-0.0153269,0.000298494
6427,-0.000521055,-0.0153249,0.000298494
6428,-0.000519055,-0.0153249,0.000298494
6429,-0.000521055,-0.0153269,0.000300494
6430,-0.000519055,-0.0153269,0.000300494
6431,-0.000521055,-0.0153249,0.000300494
6432,-0.000519055,-0.0153249,0.000300494
6433,-0.000521055,-0.0153269,0.000300494
6434,-0.000519055,-0.0153269,0.000300494
6435,-0.000521055,-0.0153249,0.000300494
6436,-0.000519055,-0.0153249,0.000300494
6437,-0.000521055,-0.0153269,0.000302494
6438,-0.000519055,-0.0153269,0.000302494
6439,-0.000521055,-0.0153249,0.000302494
6440,-0.000519055,-0.0153249,0.000302494
6441,-0.000521055,-0.0153249,0.000320494
6442,-0.000519055,-0.0153249,0.000320494
6443,-0.000521055,-0.0153229,0.000320494
6444,-0.000519055,-0.0153229,0.000320494
6445,-0.000521055,-0.0153249,0.000322494
6446,-0.000519055,-0.0153249,0.000322494
6447,-0.000521055,-0.0153229,0.000322494
6448,-0.000519055,-0.0153229,0.000322494
6449,-0.000521055,-0.0153249,0.000322494
6450,-0.000519055,-0.0153249,0.000322494
6451,-0.000521055,-0.0153229,0.000322494
6452,-0.000519055,-0.0153229,0.000322494
6453,-0.000521055,-0.0153249,0.000324494
6454,-0.000519055,-0.0153249,0.000324494
6455,-0.000521055,-0.0153229,0.000324494
6456,-0.000519055,-0.0153229,0.000324494
6457,-0.000521055,-0.0153249,0.000298494
6458,-0.000519055,-0.0153249,0.000298494
6459,-0.000521055,-0.0153229,0.000298494
6460,-0.000519055,-0.0153229,0.000298494
6461,-0.000521055,-0.0153249,0.000300494
6462,-0.000519055,-0.0153249,0.000300494
6463,-0.000521055,-0.0153229,0.000300494
6464,-0.000519055,-0.0153229,0.000300494
6465,-0.000521055,-0.0153249,0.000300494
6466,-0.000519055,-0.0153249,0.000300494
6467,-0.000521055,-0.0153229,0.000300494
6468,-0.000519055,-0.0153229,0.000300494
6469,-0.000521055,-0.0153249,0.000302494
6470,-0.000519055,-0.0153249,0.000302494
6471,-0.000521055,-0.0153229,0.000302494
6472,-0.000519055,-0.0153229,0.000302494
6473,-0.000521055,-0.0153249,0.000302494
6474,-0.000519055,-0.0153249,0.000302494
6475,-0.000521055,-0.0153229,0.000302494
6476,-0.000519055,-0.0153229,0.000302494
6477,-0.000521055,-0.0153249,0.000304494
6478,-0.000519055,-0.0153249,0.000304494
6479,-0.000521055,-0.0153229,0.000304494
6480,-0.000519055,-0.0153229,0.000304494
6481,-0.000521055,-0.0153249,0.000304494
6482,-0.000519055,-0.0153249,0.000304494
6483,-0.000521055,-0.0153229,0.000304494
6484,-0.000519055,-0.0153229,0.000304494
6485,-0.000521055,-0.0153249,0.000306494
6486,-0.000519055,-0.0153249,0.000306494
6487,-0.000521055,-0.0153229,0.000306494
6488,-0.000519055,-0.0153229,0.000306494
6489,-0.000521055,-0.0153229,0.000314494
6490,-0.000519055,-0.0153229,0.000314494
6491,-0.000521055,-0.0153209,0.000314494
6492,-0.000519055,-0.0153209,0.000314494
6493,-0.000521055,-0.0153229,0.000316494
6494,-0.000519055,-0.0153229,0.000316494
6495,-0.000521055,-0.0153209,0.000316494
6496,-0.000519055,-0.0153209,0.000316494
6497,-0.000521055,-0.0153229,0.000316494
6498,-0.000519055,-0.0153229,0.000316494
6499,-0.000521055,-0.0153209,0.000316494
6500,-0.000519055,-0.0153209,0.000316494
6501,-0.000521055,-0.0153229,0.000318494
6502,-0.000519055,-0.0153229,0.000318494
6503,-0.000521055,-0.0153209,0.000318494
6504,-0.000519055,-0.0153209,0.000318494
6505,-0.000521055,-0.0153229,0.000318494
6506,-0.000519055,-0.0153229,0.000318494
6507,-0.000521055,-0.0153209,0.000318494
6508,-0.000519055,-0.0153209,0.000318494
6509,-0.000521055,-0.0153229,0.000320494
6510,-0.000519055,-0.0153229,0.000320494
6511,-0.000521055,-0.0153209,0.000320494
6512,-0.000519055,-0.0153209,0.000320494
6513,-0.000521055,-0.0153229,0.000320494
6514,-0.000519055,-0.0153229,0.000320494
6515,-0.000521055,-0.0153209,0.000320494
6516,-0.000519055,-0.0153209,0.000320494
6517,-0.000521055,-0.0153229,0.000322494
6518,-0.000519055,-0.0153229,0.000322494
6519,-0.000521055,-0.0153209,0.000322494
6520,-0.000519055,-0.0153209,0.000322494
6521,-0.000521055,-0.0153229,0.000298494
6522,-0.000519055,-0.0153229,0.000298494
6523,-0.000521055,-0.0153209,0.000298494
6524,-0.000519055,-0.0153209,0.000298494
6525,-0.000521055,-0.0153229,0.000300494
6526,-0.000519055,-0.0153229,0.000300494
6527,-0.000521055,-0.0153209,0.000300494
6528,-0.000519055,-0.0153209,0.000300494
6529,-0.000521055,-0.0153229,0.000300494
6530,-0.000519055,-0.0153229,0.000300494
6531,-0.000521055,-0.0153209,0.000300494
6532,-0.000519055,-0.0153209,0.000300494
6533,-0.000521055,-0.0153229,0.000302494
6534,-0.000519055,-0.0153229,0.000302494
6535,-0.000521055,-0.0153209,0.000302494
6536,-0.000519055,-0.0153209,0.000302494
6537,-0.000521055,-0.0153229,0.000302494
6538,-0.000519055,-0.0153229,0.000302494
6539,-0.000521055,-0.0153209,0.000302494
6540,-0.000519055,-0.0153209,0.000302494
6541,-0.000521055,-0.0153229,0.000304494
6542,-0.000519055,-0.0153229,0.000304494
6543,-0.000521055,-0.0153209,0.000304494
6544,-0.000519055,-0.0153209,0.000304494
6545,-0.000521055,-0.0153209,0.000312494
6546,-0.000519055,-0.0153209,0.000312494
6547,-0.000521055,-0.0153189,0.000312494
6548,-0.000519055,-0.0153189,0.000312494
6549,-0.000521055,-0.0153209,0.000314494
6550,-0.000519055,-0.0153209,0.000314494
6551,-0.000521055,-0.0153189,0.000314494
6552,-0.000519055,-0.0153189,0.000314494
6553,-0.000521055,-0.0153209,0.000314494
6554,-0.000519055,-0.0153209,0.000314494
6555,-0.000521055,-0.0153189,0.000314494
6556,-0.000519055,-0.0153189,0.000314494
6557,-0.000521055,-0.0153209,0.000316494
6558,-0.000519055,-0.0153209,0.000316494
6559,-0.000521055,-0.0153189,0.000316494
6560,-0.000519055,-0.0153189,0.000316494
6561,-0.000521055,-0.0153209,0.000316494
6562,-0.000519055,-0.0153209,0.000316494
6563,-0.000521055,-0.0153189,0.000316494
6564,-0.000519055,-0.0153189,0.000316494
6565,-0.000521055,-0.0153209,0.000318494
6566,-0.000519055,-0.0153209,0.000318494
6567,-0.000521055,-0.0153189,0.000318494
6568,-0.000519055,-0.0153189,0.000318494
6569,-0.000521055,-0.0153209,0.000300494
6570,-0.000519055,-0.0153209,0.000300494
6571,-0.000521055,-0.0153189,0.000300494
6572,-0.000519055,-0.0153189,0.000300494
6573,-0.000521055,-0.0153209,0.000302494
6574,-0.000519055,-0.0153209,0.000302494
6575,-0.000521055,-0.0153189,0.000302494
6576,-0.000519055,-0.0153189,0.000302494
6577,-0.000521055,-0.0153209,0.000302494
6578,-0.000519055,-0.0153209,0.000302494
6579,-0.000521055,-0.0153189,0.000302494
6580,-0.000519055,-0.0153189,0.000302494
6581,-0.000521055,-0.0153209,0.000304494
6582,-0.000519055,-0.0153209,0.000304494
6583,-0.000521055,-0.0153189,0.000304494
6584,-0.000519055,-0.0153189,0.000304494
6585,-0.000521055,-0.0153209,0.000304494
6586,-0.000519055,-0.0153209,0.000304494
6587,-0.000521055,-0.0153189,0.000304494
6588,-0.000519055,-0.0153189,0.000304494
6589,-0.000521055,-0.0153209,0.000306494
6590,-0.000519055,-0.0153209,0.000306494
6591,-0.000521055,-0.0153189,0.000306494
6592,-0.000519055,-0.0153189,0.000306494
6593,-0.000521055,-0.0153209,0.000306494
6594,-0.000519055,-0.0153209,0.000306494
6595,-0.000521055,-0.0153189,0.000306494
6596,-0.000519055,-0.0153189,0.000306494
6597,-0.000521055,-0.0153209,0.000308494
6598,-0.000519055,-0.0153209,0.000308494
6599,-0.000521055,-0.0153189,0.000308494
6600,-0.000519055,-0.0153189,0.000308494
6601,-0.000521055,-0.0153209,0.000308494
6602,-0.000519055,-0.0153209,0.000308494
6603,-0.000521055,-0.0153189,0.000308494
6604,-0.000519055,-0.0153189,0.000308494
6605,-0.000521055,-0.0153209,0.000310494
6606,-0.000519055,-0.0153209,0.000310494
6607,-0.000521055,-0.0153189,0.000310494
6608,-0.000519055,-0.0153189,0.000310494
6609,-0.000521055,-0.0153209,0.000310494
6610,-0.000519055,-0.0153209,0.000310494
6611,-0.000521055,-0.0153189,0.000310494
6612,-0.000519055,-0.0153189,0.000310494
6613,-0.000521055,-0.0153209,0.000312494
6614,-0.000519055,-0.0153209,0.000312494
6615,-0.000521055,-0.0153189,0.000312494
6616,-0.000519055,-0.0153189,0.000312494
6617,-0.000521055,-0.0153189,0.000300494
6618,-0.000519055,-0.0153189,0.000300494
6619,-0.000521055,-0.0153169,0.000300494
6620,-0.000519055,-0.0153169,0.000300494
6621,-0.000521055,-0.0153189,0.000302494
6622,-0.000519055,-0.0153189,0.000302494
6623,-0.000521055,-0.0153169,0.000302494
6624,-0.000519055,-0.0153169,0.000302494
6625,-0.000521055,-0.0153189,0.000302494
6626,-0.000519055,-0.0153189,0.000302494
6627,-0.000521055,-0.0153169,0.000302494
6628,-0.000519055,-0.0153169,0.000302494
6629,-0.000521055,-0.0153189,0.000304494
6630,-0.000519055,-0.0153189,0.000304494
6631,-0.000521055,-0.0153169,0.000304494
6632,-0.000519055,-0.0153169,0.000304494
6633,-0.000521055,-0.0153189,0.000304494
6634,-0.000519055,-0.0153189,0.000304494
6635,-0.000521055,-0.0153169,0.000304494
6636,-0.000519055,-0.0153169,0.000304494
6637,-0.000521055,-0.0153189,0.000306494
6638,-0.000519055,-0.0153189,0.000306494
6639,-0.000521055,-0.0153169,0.000306494
6640,-0.000519055,-0.0153169,0.000306494
6641,-0.000521055,-0.0153189,0.000306494
6642,-0.000519055,-0.0153189,0.000306494
6643,-0.000521055,-0.0153169,0.000306494
6644,-0.000519055,-0.0153169,0.000306494
6645,-0.000521055,-0.0153189,0.000308494
6646,-0.000519055,-0.0153189,0.000308494
6647,-0.000521055,-0.0153169,0.000308494
6648,-0.000519055,-0.0153169,0.000308494
6649,-0.000521055,-0.0153189,0.000308494
6650,-0.000519055,-0.0153189,0.000308494
6651,-0.000521055,-0.0153169,0.000308494
6652,-0.000519055,-0.0153169,0.000308494
6653,-0.000521055,-0.0153189,0.000310494
6654,-0.000519055,-0.0153189,0.000310494
6655,-0.000521055,-0.0153169,0.000310494
6656,-0.000519055,-0.0153169,0.000310494
6657,-0.000521055,-0.0153189,0.000310494
6658,-0.000519055,-0.0153189,0.000310494
6659,-0.000521055,-0.0153169,0.000310494
6660,-0.000519055,-0.0153169,0.000310494
6661,-0.000521055,-0.0153189,0.000312494
6662,-0.000519055,-0.0153189,0.000312494
6663,-0.000521055,-0.0153169,0.000312494
6664,-0.000519055,-0.0153169,0.000312494
6665,-0.000521055,-0.0153169,0.000302494
6666,-0.000519055,-0.0153169,0.000302494
6667,-0.000521055,-0.0153169,0.000302494
6668,-0.000519055,-0.0153169,0.000302494
6669,-0.000521055,-0.0153169,0.000304494
6670,-0.000519055,-0.0153169,0.000304494
6671,-0.000521055,-0.0153169,0.000304494
6672,-0.000519055,-0.0153169,0.000304494
6673,-0.000521055,-0.0153169,0.000304494
6674,-0.000519055,-0.0153169,0.000304494
6675,-0.000521055,-0.0153169,0.000304494
6676,-0.000519055,-0.0153169,0.000304494
6677,-0.000521055,-0.0153169,0.000306494
6678,-0.000519055,-0.0153169,0.000306494
6679,-0.000521055,-0.0153169,0.000306494
6680,-0.000519055,-0.0153169,0.000306494
6681,-0.000521055,-0.0153169,0.000306494
6682,-0.000519055,-0.0153169,0.000306494
6683,-0.000521055,-0.0153169,0.000306494
6684,-0.000519055,-0.0153169,0.000306494
6685,-0.000521055,-0.0153169,0.000308494
6686,-0.000519055,-0.0153169,0.000308494
6687,-0.000521055,-0.0153169,0.000308494
6688,-0.000519055,-0.0153169,0.000308494
6689,-0.000521055,-0.0153429,0.000294494
6690,-0.000519055,-0.0153429,0.000294494
6691,-0.000521055,-0.0153409,0.000294494
6692,-0.000519055,-0.0153409,0.000294494
6693,-0.000521055,-0.0153429,0.000296494
6694,-0.000519055,-0.0153429,0.000296494
6695,-0.000521055,-0.0153409,0.000296494
6696,-0.000519055,-0.0153409,0.000296494
6697,-0.000521055,-0.0153429,0.000296494
6698,-0.000519055,-0.0153429,0.000296494
6699,-0.000521055,-0.0153409,0.000296494
6700,-0.000519055,-0.0153409,0.000296494
6701,-0.000521055,-0.0153429,0.000298494
6702,-0.000519055,-0.0153429,0.000298494
6703,-0.000521055,-0.0153409,0.000298494
6704,-0.000519055,-0.0153409,0.000298494
6705,-0.000521055,-0.0153429,0.000298494
6706,-0.000519055,-0.0153429,0.000298494
6707,-0.000521055,-0.0153409,0.000298494
6708,-0.000519055,-0.0153409,0.000298494
6709,-0.000521055,-0.0153429,0.000300494
6710,-0.000519055,-0.0153429,0.000300494
6711,-0.000521055,-0.0153409,0.000300494
6712,-0.000519055,-0.0153409,0.000300494
6713,-0.000521055,-0.0153429,0.000306494
6714,-0.000519055,-0.0153429,0.000306494
6715,-0.000521055,-0.0153409,0.000306494
6716,-0.000519055,-0.0153409,0.000306494
6717,-0.000521055,-0.0153429,0.000308494
6718,-0.000519055,-0.0153429,0.000308494
6719,-0.000521055,-0.0153409,0.000308494
6720,-0.000519055,-0.0153409,0.000308494
6721,-0.000521055,-0.0153429,0.000308494
6722,-0.000519055,-0.0153429,0.000308494
6723,-0.000521055,-0.0153409,0.000308494
6724,-0.000519055,-0.0153409,0.000308494
6725,-0.000521055,-0.0153429,0.000310494
6726,-0.000519055,-0.0153429,0.000310494
6727,-0.000521055,-0.0153409,0.000310494
6728,-0.000519055,-0.0153409,0.000310494
6729,-0.000521055,-0.0153429,0.000310494
6730,-0.000519055,-0.0153429,0.000310494
6731,-0.000521055,-0.0153409,0.000310494
6732,-0.000519055,-0.0153409,0.000310494
6733,-0.000521055,-0.0153429,0.000312494
6734,-0.000519055,-0.0153429,0.000312494
6735,-0.000521055,-0.0153409,0.000312494
6736,-0.000519055,-0.0153409,0.000312494
6737,-0.000521055,-0.0153409,0.000294494
6738,-0.000519055,-0.0153409,0.000294494
6739,-0.000521055,-0.0153389,0.000294494
6740,-0.000519055,-0.0153389,0.000294494
6741,-0.000521055,-0.0153409,0.000296494
6742,-0.000519055,-0.0153409,0.000296494
6743,-0.000521055,-0.0153389,0.000296494
6744,-0.000519055,-0.0153389,0.000296494
6745,-0.000521055,-0.0153409,0.000312494
6746,-0.000519055,-0.0153409,0.000312494
6747,-0.000521055,-0.0153389,0.000312494
6748,-0.000519055,-0.0153389,0.000312494
6749,-0.000521055,-0.0153409,0.000314494
6750,-0.000519055,-0.0153409,0.000314494
6751,-0.000521055,-0.0153389,0.000314494
6752,-0.000519055,-0.0153389,0.000314494
6753,-0.000521055,-0.0153409,0.000314494
6754,-0.000519055,-0.0153409,0.000314494
6755,-0.000521055,-0.0153389,0.000314494
6756,-0.000519055,-0.0153389,0.000314494
6757,-0.000521055,-0.0153409,0.000316494
6758,-0.000519055,-0.0153409,0.000316494
6759,-0.000521055,-0.0153389,0.000316494
6760,-0.000519055,-0.0153389,0.000316494
6761,-0.000521055,-0.0153409,0.000316494
6762,-0.000519055,-0.0153409,0.000316494
6763,-0.000521055,-0.0153389,0.000316494
6764,-0.000519055,-0.0153389,0.000316494
6765,-0.000521055,-0.0153409,0.000318494
6766,-0.000519055,-0.0153409,0.000318494
6767,-0.000521055,-0.0153389,0.000318494
6768,-0.000519055,-0.0153389,0.000318494
6769,-0.000521055,-0.0153409,0.000318494
6770,-0.000519055,-0.0153409,0.000318494
6771,-0.000521055,-0.0153389,0.000318494
6772,-0.000519055,-0.0153389,0.000318494
6773,-0.000521055,-0.0153409,0.000320494
6774,-0.000519055,-0.0153409,0.000320494
6775,-0.000521055,-0.0153389,0.000320494
6776,-0.000519055,-0.0153389,0.000320494
6777,-0.000521055,-0.0153409,0.000320494
6778,-0.000519055,-0.0153409,0.000320494
6779,-0.000521055,-0.0153389,0.000320494
6780,-0.000519055,-0.0153389,0.000320494
6781,-0.000521055,-0.0153409,0.000322494
6782,-0.000519055,-0.0153409,0.000322494
6783,-0.000521055,-0.0153389,0.000322494
6784,-0.000519055,-0.0153389,0.000322494
6785,-0.000521055,-0.0153409,0.000322494
6786,-0.000519055,-0.0153409,0.000322494
6787,-0.000521055,-0.0153389,0.000322494
6788,-0.000519055,-0.0153389,0.000322494
6789,-0.000521055,-0.0153409,0.000324494
6790,-0.000519055,-0.0153409,0.000324494
6791,-0.000521055,-0.0153389,0.000324494
6792,-0.000519055,-0.0153389,0.000324494
6793,-0.000521055,-0.0153409,0.000296494
6794,-0.000519055,-0.0153409,0.000296494
6795,-0.000521055,-0.0153389,0.000296494
6796,-0.000519055,-0.0153389,0.000296494
6797,-0.000521055,-0.0153409,0.000298494
6798,-0.000519055,-0.0153409,0.000298494
6799,-0.000521055,-0.0153389,0.000298494
6800,-0.000519055,-0.0153389,0.000298494
6801,-0.000521055,-0.0153409,0.000310494
6802,-0.000519055,-0.0153409,0.000310494
6803,-0.000521055,-0.0153389,0.000310494
6804,-0.000519055,-0.0153389,0.000310494
6805,-0.000521055,-0.0153409,0.000312494
6806,-0.000519055,-0.0153409,0.000312494
6807,-0.000521055,-0.0153389,0.000312494
6808,-0.000519055,-0.0153389,0.000312494
6809,-0.000521055,-0.0153389,0.000294494
6810,-0.000519055,-0.0153389,0.000294494
6811,-0.000521055,-0.0153369,0.000294494
6812,-0.000519055,-0.0153369,0.000294494
6813,-0.000521055,-0.0153389,0.000296494
6814,-0.000519055,-0.0153389,0.000296494
6815,-0.000521055,-0.0153369,0.000296494
6816,-0.000519055,-0.0153369,0.000296494
6817,-0.000521055,-0.0153389,0.000322494
6818,-0.000519055,-0.0153389,0.000322494
6819,-0.000521055,-0.0153369,0.000322494
6820,-0.000519055,-0.0153369,0.000322494
6821,-0.000521055,-0.0153389,0.000324494
6822,-0.000519055,-0.0153389,0.000324494
6823,-0.000521055,-0.0153369,0.000324494
6824,-0.000519055,-0.0153369,0.000324494
6825,-0.000521055,-0.0153389,0.000324494
6826,-0.000519055,-0.0153389,0.000324494
6827,-0.000521055,-0.0153369,0.000324494
6828,-0.000519055,-0.0153369,0.000324494
6829,-0.000521055,-0.0153389,0.000326494
6830,-0.000519055,-0.0153389,0.000326494
6831,-0.000521055,-0.0153369,0.000326494
6832,-0.000519055,-0.0153369,0.000326494
6833,-0.000521055,-0.0153389,0.000296494
6834,-0.000519055,-0.0153389,0.000296494
6835,-0.000521055,-0.0153369,0.000296494
6836,-0.000519055,-0.0153369,0.000296494
6837,-0.000521055,-0.0153389,0.000298494
6838,-0.000519055,-0.0153389,0.000298494
6839,-0.000521055,-0.0153369,0.000298494
6840,-0.000519055,-0.0153369,0.000298494
6841,-0.000521055,-0.0153389,0.000298494
6842,-0.000519055,-0.0153389,0.000298494
6843,-0.000521055,-0.0153369,0.000298494
6844,-0.000519055,-0.0153369,0.000298494
6845,-0.000521055,-0.0153389,0.000300494
6846,-0.000519055,-0.0153389,0.000300494
6847,-0.000521055,-0.0153369,0.000300494
6848,-0.000519055,-0.0153369,0.000300494
6849,-0.000521055,-0.0153389,0.000300494
6850,-0.000519055,-0.0153389,0.000300494
6851,-0.000521055,-0.0153369,0.000300494
6852,-0.000519055,-0.0153369,0.000300494
6853,-0.000521055,-0.0153389,0.000302494
6854,-0.000519055,-0.0153389,0.000302494
6855,-0.000521055,-0.0153369,0.000302494
6856,-0.000519055,-0.0153369,0.000302494
6857,-0.000521055,-0.0153369,0.000294494
6858,-0.000519055,-0.0153369,0.000294494
6859,-0.000521055,-0.0153349,0.000294494
6860,-0.000519055,-0.0153349,0.000294494
6861,-0.000521055,-0.0153369,0.000296494
6862,-0.000519055,-0.0153369,0.000296494
6863,-0.000521055,-0.0153349,0.000296494
6864,-0.000519055,-0.0153349,0.000296494
6865,-0.000521055,-0.0153369,0.000322494
6866,-0.000519055,-0.0153369,0.000322494
6867,-0.000521055,-0.0153349,0.000322494
6868,-0.000519055,-0.0153349,0.000322494
6869,-0.000521055,-0.0153369,0.000324494
6870,-0.000519055,-0.0153369,0.000324494
6871,-0.000521055,-0.0153349,0.000324494
6872,-0.000519055,-0.0153349,0.000324494
6873,-0.000521055,-0.0153369,0.000324494
6874,-0.000519055,-0.0153369,0.000324494
6875,-0.000521055,-0.0153349,0.000324494
6876,-0.000519055,-0.0153349,0.000324494
6877,-0.000521055,-0.0153369,0.000326494
6878,-0.000519055,-0.0153369,0.000326494
6879,-0.000521055,-0.0153349,0.000326494
6880,-0.000519055,-0.0153349,0.000326494
6881,-0.000521055,-0.0153369,0.000296494
6882,-0.000519055,-0.0153369,0.000296494
6883,-0.000521055,-0.0153349,0.000296494
6884,-0.000519055,-0.0153349,0.000296494
6885,-0.000521055,-0.0153369,0.000298494
6886,-0.000519055,-0.0153369,0.000298494
6887,-0.000521055,-0.0153349,0.000298494
6888,-0.000519055,-0.0153349,0.000298494
6889,-0.000521055,-0.0153369,0.000302494
6890,-0.000519055,-0.0153369,0.000302494
6891,-0.000521055,-0.0153349,0.000302494
6892,-0.000519055,-0.0153349,0.000302494
6893,-0.000521055,-0.0153369,0.000304494
6894,-0.000519055,-0.0153369,0.000304494
6895,-0.000521055,-0.0153349,0.000304494
6896,-0.000519055,-0.0153349,0.000304494
6897,-0.000521055,-0.0153349,0.000294494
6898,-0.000519055,-0.0153349,0.000294494
6899,-0.000521055,-0.0153329,0.000294494
6900,-0.000519055,-0.0153329,0.000294494
6901,-0.000521055,-0.0153349,0.000296494
6902,-0.000519055,-0.0153349,0.000296494
6903,-0.000521055,-0.0153329,0.000296494
6904,-0.000519055,-0.0153329,0.000296494
6905,-0.000521055,-0.0153349,0.000324494
6906,-0.000519055,-0.0153349,0.000324494
6907,-0.000521055,-0.0153329,0.000324494
6908,-0.000519055,-0.0153329,0.000324494
6909,-0.000521055,-0.0153349,0.000326494
6910,-0.000519055,-0.0153349,0.000326494
6911,-0.000521055,-0.0153329,0.000326494
6912,-0.000519055,-0.0153329,0.000326494
6913,-0.000521055,-0.0153349,0.000326494
6914,-0.000519055,-0.0153349,0.000326494
6915,-0.000521055,-0.0153329,0.000326494
6916,-0.000519055,-0.0153329,0.000326494
6917,-0.000521055,-0.0153349,0.00032755
6918,-0.000519055,-0.0153349,0.00032755
6919,-0.000521055,-0.0153329,0.00032755
6920,-0.000519055,-0.0153329,0.00032755
6921,-0.000521055,-0.0153349,0.000296494
6922,-0.000519055,-0.0153349,0.000296494
6923,-0.000521055,-0.0153329,0.000296494
6924,-0.000519055,-0.0153329,0.000296494
6925,-0.000521055,-0.0153349,0.000298494
6926,-0.000519055,-0.0153349,0.000298494
6927,-0.000521055,-0.0153329,0.000298494
6928,-0.000519055,-0.0153329,0.000298494
6929,-0.000521055,-0.0153349,0.000298494
6930,-0.000519055,-0.0153349,0.000298494
6931,-0.000521055,-0.0153329,0.000298494
6932,-0.000519055,-0.0153329,0.000298494
6933,-0.000521055,-0.0153349,0.000300494
6934,-0.000519055,-0.0153349,0.000300494
6935,-0.000521055,-0.0153329,0.000300494
6936,-0.000519055,-0.0153329,0.000300494
6937,-0.000521055,-0.0153349,0.000300494
6938,-0.000519055,-0.0153349,0.000300494
6939,-0.000521055,-0.0153329,0.000300494
6940,-0.000519055,-0.0153329,0.000300494
6941,-0.000521055,-0.0153349,0.000302494
6942,-0.000519055,-0.0153349,0.000302494
6943,-0.000521055,-0.0153329,0.000302494
6944,-0.000519055,-0.0153329,0.000302494
6945,-0.000521055,-0.0153329,0.000324494
6946,-0.000519055,-0.0153329,0.000324494
6947,-0.000521055,-0.0153309,0.000324494
6948,-0.000519055,-0.0153309,0.000324494
6949,-0.000521055,-0.0153329,0.000326494
6950,-0.000519055,-0.0153329,0.000326494
6951,-0.000521055,-0.0153309,0.000326494
6952,-0.000519055,-0.0153309,0.000326494
6953,-0.000521055,-0.0153329,0.000326494
6954,-0.000519055,-0.0153329,0.000326494
6955,-0.000521055,-0.0153309,0.000326494
6956,-0.000519055,-0.0153309,0.000326494
6957,-0.000521055,-0.0153329,0.00032755
6958,-0.000519055,-0.0153329,0.00032755
6959,-0.000521055,-0.0153309,0.00032755
6960,-0.000519055,-0.0153309,0.00032755
6961,-0.000521055,-0.0153329,0.000296494
6962,-0.000519055,-0.0153329,0.000296494
6963,-0.000521055,-0.0153309,0.000296494
6964,-0.000519055,-0.0153309,0.000296494
6965,-0.000521055,-0.0153329,0.000298494
6966,-0.000519055,-0.0153329,0.000298494
6967,-0.000521055,-0.0153309,0.000298494
6968,-0.000519055,-0.0153309,0.000298494
6969,-0.000521055,-0.0153329,0.000298494
6970,-0.000519055,-0.0153329,0.000298494
6971,-0.000521055,-0.0153309,0.000298494
6972,-0.000519055,-0.0153309,0.000298494
6973,-0.000521055,-0.0153329,0.000300494
6974,-0.000519055,-0.0153329,0.000300494
6975,-0.000521055,-0.0153309,0.000300494
6976,-0.000519055,-0.0153309,0.000300494
6977,-0.000521055,-0.0153329,0.000302494
6978,-0.000519055,-0.0153329,0.000302494
6979,-0.000521055,-0.0153309,0.000302494
6980,-0.000519055,-0.0153309,0.000302494
6981,-0.000521055,-0.0153329,0.000304494
6982,-0.000519055,-0.0153329,0.000304494
6983,-0.000521055,-0.0153309,0.000304494
6984,-0.000519055,-0.0153309,0.000304494
6985,-0.000521055,-0.0153309,0.000324494
6986,-0.000519055,-0.0153309,0.000324494
6987,-0.000521055,-0.0153289,0.000324494
6988,-0.000519055,-0.0153289,0.000324494
6989,-0.000521055,-0.0153309,0.000326494
6990,-0.000519055,-0.0153309,0.000326494
6991,-0.000521055,-0.0153289,0.000326494
6992,-0.000519055,-0.0153289,0.000326494
6993,-0.000521055,-0.0153309,0.000326494
6994,-0.000519055,-0.0153309,0.000326494
6995,-0.000521055,-0.0153289,0.000326494
6996,-0.000519055,-0.0153289,0.000326494
6997,-0.000521055,-0.0153309,0.00032755
6998,-0.000519055,-0.0153309,0.00032755
6999,-0.000521055,-0.0153289,0.00032755
7000,-0.000519055,-0.0153289,0.00032755
7001,-0.000521055,-0.0153309,0.000296494
7002,-0.000519055,-0.0153309,0.000296494
7003,-0.000521055,-0.0153289,0.000296494
7004,-0.000519055,-0.0153289,0.000296494
7005,-0.000521055,-0.0153309,0.000298494
7006,-0.000519055,-0.0153309,0.000298494
7007,-0.000521055,-0.0153289,0.000298494
7008,-0.000519055,-0.0153289,0.000298494
7009,-0.000521055,-0.0153309,0.000298494
7010,-0.000519055,-0.0153309,0.000298494
7011,-0.000521055,-0.0153289,0.000298494
7012,-0.000519055,-0.0153289,0.000298494
7013,-0.000521055,-0.0153309,0.000300494
7014,-0.000519055,-0.0153309,0.000300494
7015,-0.000521055,-0.0153289,0.000300494
7016,-0.000519055,-0.0153289,0.000300494
7017,-0.000521055,-0.0153309,0.000300494
7018,-0.000519055,-0.0153309,0.000300494
7019,-0.000521055,-0.0153289,0.000300494
7020,-0.000519055,-0.0153289,0.000300494
7021,-0.000521055,-0.0153309,0.000302494
7022,-0.000519055,-0.0153309,0.000302494
7023,-0.000521055,-0.0153289,0.000302494
7024,-0.000519055,-0.0153289,0.000302494
7025,-0.000521055,-0.0153289,0.000324494
7026,-0.000519055,-0.0153289,0.000324494
7027,-0.000521055,-0.0153269,0.000324494
7028,-0.000519055,-0.0153269,0.000324494
7029,-0.000521055,-0.0153289,0.000326494
7030,-0.000519055,-0.0153289,0.000326494
7031,-0.000521055,-0.0153269,0.000326494
7032,-0.000519055,-0.0153269,0.000326494
7033,-0.000521055,-0.0153289,0.000326494
7034,-0.000519055,-0.0153289,0.000326494
7035,-0.000521055,-0.0153269,0.000326494
7036,-0.000519055,-0.0153269,0.000326494
7037,-0.000521055,-0.0153289,0.00032755
7038,-0.000519055,-0.0153289,0.00032755
7039,-0.000521055,-0.0153269,0.00032755
7040,-0.000519055,-0.0153269,0.00032755
7041,-0.000521055,-0.0153289,0.000296494
7042,-0.000519055,-0.0153289,0.000296494
7043,-0.000521055,-0.0153269,0.000296494
7044,-0.000519055,-0.0153269,0.000296494
7045,-0.000521055,-0.0153289,0.000298494
7046,-0.000519055,-0.0153289,0.000298494
7047,-0.000521055,-0.0153269,0.000298494
7048,-0.000519055,-0.0153269,0.000298494
7049,-0.000521055,-0.0153289,0.000298494
7050,-0.000519055,-0.0153289,0.000298494
7051,-0.000521055,-0.0153269,0.000298494
7052,-0.000519055,-0.0153269,0.000298494
7053,-0.000521055,-0.0153289,0.000300494
7054,-0.000519055,-0.0153289,0.000300494
7055,-0.000521055,-0.0153269,0.000300494
7056,-0.000519055,-0.0153269,0.000300494
7057,-0.000521055,-0.0153289,0.000300494
7058,-0.000519055,-0.0153289,0.000300494
7059,-0.000521055,-0.0153269,0.000300494
7060,-0.000519055,-0.0153269,0.000300494
7061,-0.000521055,-0.0153289,0.000302494
7062,-0.000519055,-0.0153289,0.000302494
7063,-0.000521055,-0.0153269,0.000302494
7064,-0.000519055,-0.0153269,0.000302494
7065,-0.000521055,-0.0153289,0.000302494
7066,-0.000519055,-0.0153289,0.000302494
7067,-0.000521055,-0.0153269,0.000302494
7068,-0.000519055,-0.0153269,0.000302494
7069,-0.000521055,-0.0153289,0.000304494
7070,-0.000519055,-0.0153289,0.000304494
7071,-0.000521055,-0.0153269,0.000304494
7072,-0.000519055,-0.0153269,0.000304494
7073,-0.000519055,-0.0153449,0.000298494
7074,-0.000517055,-0.0153449,0.000298494
7075,-0.000519055,-0.0153429,0.000298494
7076,-0.000517055,-0.0153429,0.000298494
7077,-0.000519055,-0.0153449,0.000300494
7078,-0.000517055,-0.0153449,0.000300494
7079,-0.000519055,-0.0153429,0.000300494
7080,-0.000517055,-0.0153429,0.000300494
7081,-0.000519055,-0.0153449,0.000300494
7082,-0.000517055,-0.0153449,0.000300494
7083,-0.000519055,-0.0153429,0.000300494
7084,-0.000517055,-0.0153429,0.000300494
7085,-0.000519055,-0.0153449,0.000302494
7086,-0.000517055,-0.0153449,0.000302494
7087,-0.000519055,-0.0153429,0.000302494
7088,-0.000517055,-0.0153429,0.000302494
7089,-0.000519055,-0.0153449,0.000302494
7090,-0.000517055,-0.0153449,0.000302494
7091,-0.000519055,-0.0153429,0.000302494
7092,-0.000517055,-0.0153429,0.000302494
7093,-0.000519055,-0.0153449,0.000304494
7094,-0.000517055,-0.0153449,0.000304494
7095,-0.000519055,-0.0153429,0.000304494
7096,-0.000517055,-0.0153429,0.000304494
7097,-0.000519055,-0.0153449,0.000304494
7098,-0.000517055,-0.0153449,0.000304494
7099,-0.000519055,-0.0153429,0.000304494
7100,-0.000517055,-0.0153429,0.000304494
7101,-0.000519055,-0.0153449,0.000306494
7102,-0.000517055,-0.0153449,0.000306494
7103,-0.000519055,-0.0153429,0.000306494
7104,-0.000517055,-0.0153429,0.000306494
7105,-0.000519055,-0.0153449,0.000306494
7106,-0.000517055,-0.0153449,0.000306494
7107,-0.000519055,-0.0153429,0.000306494
7108,-0.000517055,-0.0153429,0.000306494
7109,-0.000519055,-0.0153449,0.000308494
7110,-0.000517055,-0.0153449,0.000308494
7111,-0.000519055,-0.0153429,0.000308494
7112,-0.000517055,-0.0153429,0.000308494
7113,-0.000519055,-0.0153269,0.000320494
7114,-0.000517055,-0.0153269,0.000320494
7115,-0.000519055,-0.0153249,0.000320494
7116,-0.000517055,-0.0153249,0.000320494
7117,-0.000519055,-0.0153269,0.000322494
7118,-0.000517055,-0.0153269,0.000322494
7119,-0.000519055,-0.0153249,0.000322494
7120,-0.000517055,-0.0153249,0.000322494
7121,-0.000519055,-0.0153269,0.000322494
7122,-0.000517055,-0.0153269,0.000322494
7123,-0.000519055,-0.0153249,0.000322494
7124,-0.000517055,-0.0153249,0.000322494
7125,-0.000519055,-0.0153269,0.000324494
7126,-0.000517055,-0.0153269,0.000324494
7127,-0.000519055,-0.0153249,0.000324494
7128,-0.000517055,-0.0153249,0.000324494
7129,-0.000519055,-0.0153269,0.000324494
7130,-0.000517055,-0.0153269,0.000324494
7131,-0.000519055,-0.0153249,0.000324494
7132,-0.000517055,-0.0153249,0.000324494
7133,-0.000519055,-0.0153269,0.000326494
7134,-0.000517055,-0.0153269,0.000326494
7135,-0.000519055,-0.0153249,0.000326494
7136,-0.000517055,-0.0153249,0.000326494
7137,-0.000519055,-0.0153269,0.000298494
7138,-0.000517055,-0.0153269,0.000298494
7139,-0.000519055,-0.0153249,0.000298494
7140,-0.000517055,-0.0153249,0.000298494
7141,-0.000519055,-0.0153269,0.000300494
7142,-0.000517055,-0.0153269,0.000300494
7143,-0.000519055,-0.0153249,0.000300494
7144,-0.000517055,-0.0153249,0.000300494
7145,-0.000519055,-0.0153269,0.000300494
7146,-0.000517055,-0.0153269,0.000300494
7147,-0.000519055,-0.0153249,0.000300494
7148,-0.000517055,-0.0153249,0.000300494
7149,-0.000519055,-0.0153269,0.000302494
7150,-0.000517055,-0.0153269,0.000302494
7151,-0.000519055,-0.0153249,0.000302494
7152,-0.000517055,-0.0153249,0.000302494
7153,-0.000519055,-0.0153269,0.000302494
7154,-0.000517055,-0.0153269,0.000302494
7155,-0.000519055,-0.0153249,0.000302494
7156,-0.000517055,-0.0153249,0.000302494
7157,-0.000519055,-0.0153269,0.000304494
7158,-0.000517055,-0.0153269,0.000304494
7159,-0.000519055,-0.0153249,0.000304494
7160,-0.000517055,-0.0153249,0.000304494
7161,-0.000519055,-0.0153249,0.000318494
7162,-0.000517055,-0.0153249,0.000318494
7163,-0.000519055,-0.0153229,0.000318494
7164,-0.000517055,-0.0153229,0.000318494
7165,-0.000519055,-0.0153249,0.000320494
7166,-0.000517055,-0.0153249,0.000320494
7167,-0.000519055,-0.0153229,0.000320494
7168,-0.000517055,-0.0153229,0.000320494
7169,-0.000519055,-0.0153249,0.000320494
7170,-0.000517055,-0.0153249,0.000320494
7171,-0.000519055,-0.0153229,0.000320494
7172,-0.000517055,-0.0153229,0.000320494
7173,-0.000519055,-0.0153249,0.000322494
7174,-0.000517055,-0.0153249,0.000322494
7175,-0.000519055,-0.0153229,0.000322494
7176,-0.000517055,-0.0153229,0.000322494
7177,-0.000519055,-0.0153249,0.000322494
7178,-0.000517055,-0.0153249,0.000322494
7179,-0.000519055,-0.0153229,0.000322494
7180,-0.000517055,-0.0153229,0.000322494
7181,-0.000519055,-0.0153249,0.000324494
7182,-0.000517055,-0.0153249,0.000324494
7183,-0.000519055,-0.0153229,0.000324494
7184,-0.000517055,-0.0153229,0.000324494
7185,-0.000519055,-0.0153249,0.000298494
7186,-0.000517055,-0.0153249,0.000298494
7187,-0.000519055,-0.0153229,0.000298494
7188,-0.000517055,-0.0153229,0.000298494
7189,-0.000519055,-0.0153249,0.000300494
7190,-0.000517055,-0.0153249,0.000300494
7191,-0.000519055,-0.0153229,0.000300494
7192,-0.000517055,-0.0153229,0.000300494
7193,-0.000519055,-0.0153249,0.000300494
7194,-0.000517055,-0.0153249,0.000300494
7195,-0.000519055,-0.0153229,0.000300494
7196,-0.000517055,-0.0153229,0.000300494
7197,-0.000519055,-0.0153249,0.000302494
7198,-0.000517055,-0.0153249,0.000302494
7199,-0.000519055,-0.0153229,0.000302494
7200,-0.000517055,-0.0153229,0.000302494
7201,-0.000519055,-0.0153249,0.000302494
7202,-0.000517055,-0.0153249,0.000302494
7203,-0.000519055,-0.0153229,0.000302494
7204,-0.000517055,-0.0153229,0.000302494
7205,-0.000519055,-0.0153249,0.000304494
7206,-0.000517055,-0.0153249,0.000304494
7207,-0.000519055,-0.0153229,0.000304494
7208,-0.000517055,-0.0153229,0.000304494
7209,-0.000519055,-0.0153229,0.000312494
7210,-0.000517055,-0.0153229,0.000312494
7211,-0.000519055,-0.0153209,0.000312494
7212,-0.000517055,-0.0153209,0.000312494
7213,-0.000519055,-0.0153229,0.000314494
7214,-0.000517055,-0.0153229,0.000314494
7215,-0.000519055,-0.0153209,0.000314494
7216,-0.000517055,-0.0153209,0.000314494
7217,-0.000519055,-0.0153229,0.000314494
7218,-0.000517055,-0.0153229,0.000314494
7219,-0.000519055,-0.0153209,0.000314494
7220,-0.000517055,-0.0153209,0.000314494
7221,-0.000519055,-0.0153229,0.000316494
7222,-0.000517055,-0.0153229,0.000316494
7223,-0.000519055,-0.0153209,0.000316494
7224,-0.000517055,-0.0153209,0.000316494
7225,-0.000519055,-0.0153229,0.000316494
7226,-0.000517055,-0.0153229,0.000316494
7227,-0.000519055,-0.0153209,0.000316494
7228,-0.000517055,-0.0153209,0.000316494
7229,-0.000519055,-0.0153229,0.000318494
7230,-0.000517055,-0.0153229,0.000318494
7231,-0.000519055,-0.0153209,0.000318494
7232,-0.000517055,-0.0153209,0.000318494
7233,-0.000519055,-0.0153229,0.000318494
7234,-0.000517055,-0.0153229,0.000318494
7235,-0.000519055,-0.0153209,0.000318494
7236,-0.000517055,-0.0153209,0.000318494
7237,-0.000519055,-0.0153229,0.000320494
7238,-0.000517055,-0.0153229,0.000320494
7239,-0.000519055,-0.0153209,0.000320494
7240,-0.000517055,-0.0153209,0.000320494
7241,-0.000519055,-0.0153229,0.000320494
7242,-0.000517055,-0.0153229,0.000320494
7243,-0.000519055,-0.0153209,0.000320494
7244,-0.000517055,-0.0153209,0.000320494
7245,-0.000519055,-0.0153229,0.000322494
7246,-0.000517055,-0.0153229,0.000322494
7247,-0.000519055,-0.0153209,0.000322494
7248,-0.000517055,-0.0153209,0.000322494
7249,-0.000519055,-0.0153229,0.000300494
7250,-0.000517055,-0.0153229,0.000300494
7251,-0.000519055,-0.0153209,0.000300494
7252,-0.000517055,-0.0153209,0.000300494
7253,-0.000519055,-0.0153229,0.000302494
7254,-0.000517055,-0.0153229,0.000302494
7255,-0.000519055,-0.0153209,0.000302494
7256,-0.000517055,-0.0153209,0.000302494
7257,-0.000519055,-0.0153229,0.000302494
7258,-0.000517055,-0.0153229,0.000302494
7259,-0.000519055,-0.0153209,0.000302494
7260,-0.000517055,-0.0153209,0.000302494
7261,-0.000519055,-0.0153229,0.000304494
7262,-0.000517055,-0.0153229,0.000304494
7263,-0.000519055,-0.0153209,0.000304494
7264,-0.000517055,-0.0153209,0.000304494
7265,-0.000519055,-0.0153229,0.000304494
7266,-0.000517055,-0.0153229,0.000304494
7267,-0.000519055,-0.0153209,0.000304494
7268,-0.000517055,-0.0153209,0.000304494
7269,-0.000519055,-0.0153229,0.000306494
7270,-0.000517055,-0.0153229,0.000306494
7271,-0.000519055,-0.0153209,0.000306494
7272,-0.000517055,-0.0153209,0.000306494
7273,-0.000519055,-0.0153229,0.000310494
7274,-0.000517055,-0.0153229,0.000310494
7275,-0.000519055,-0.0153209,0.000310494
7276,-0.000517055,-0.0153209,0.000310494
7277,-0.000519055,-0.0153229,0.000312494
7278,-0.000517055,-0.0153229,0.000312494
7279,-0.000519055,-0.0153209,0.000312494
7280,-0.000517055,-0.0153209,0.000312494
7281,-0.000519055,-0.0153209,0.000312494
7282,-0.000517055,-0.0153209,0.000312494
7283,-0.000519055,-0.0153189,0.000312494
7284,-0.000517055,-0.0153189,0.000312494
7285,-0.000519055,-0.0153209,0.000314494
7286,-0.000517055,-0.0153209,0.000314494
7287,-0.000519055,-0.0153189,0.000314494
7288,-0.000517055,-0.0153189,0.000314494
7289,-0.000519055,-0.0153209,0.000314494
7290,-0.000517055,-0.0153209,0.000314494
7291,-0.000519055,-0.0153189,0.000314494
7292,-0.000517055,-0.0153189,0.000314494
7293,-0.000519055,-0.0153209,0.000316494
7294,-0.000517055,-0.0153209,0.000316494
7295,-0.000519055,-0.0153189,0.000316494
7296,-0.000517055,-0.0153189,0.000316494
7297,-0.000519055,-0.0153209,0.000300494
7298,-0.000517055,-0.0153209,0.000300494
7299,-0.000519055,-0.0153189,0.000300494
7300,-0.000517055,-0.0153189,0.000300494
7301,-0.000519055,-0.0153209,0.000302494
7302,-0.000517055,-0.0153209,0.000302494
7303,-0.000519055,-0.0153189,0.000302494
7304,-0.000517055,-0.0153189,0.000302494
7305,-0.000519055,-0.0153209,0.000302494
7306,-0.000517055,-0.0153209,0.000302494
7307,-0.000519055,-0.0153189,0.000302494
7308,-0.000517055,-0.0153189,0.000302494
7309,-0.000519055,-0.0153209,0.000304494
7310,-0.000517055,-0.0153209,0.000304494
7311,-0.000519055,-0.0153189,0.000304494
7312,-0.000517055,-0.0153189,0.000304494
7313,-0.000519055,-0.0153209,0.000304494
7314,-0.000517055,-0.0153209,0.000304494
7315,-0.000519055,-0.0153189,0.000304494
7316,-0.000517055,-0.0153189,0.000304494
7317,-0.000519055,-0.0153209,0.000306494
7318,-0.000517055,-0.0153209,0.000306494
7319,-0.000519055,-0.0153189,0.000306494
7320,-0.000517055,-0.0153189,0.000306494
7321,-0.000519055,-0.0153209,0.000306494
7322,-0.000517055,-0.0153209,0.000306494
7323,-0.000519055,-0.0153189,0.000306494
7324,-0.000517055,-0.0153189,0.000306494
7325,-0.000519055,-0.0153209,0.000308494
7326,-0.000517055,-0.0153209,0.000308494
7327,-0.000519055,-0.0153189,0.000308494
7328,-0.000517055,-0.0153189,0.000308494
7329,-0.000519055,-0.0153209,0.000308494
7330,-0.000517055,-0.0153209,0.000308494
7331,-0.000519055,-0.0153189,0.000308494
7332,-0.000517055,-0.0153189,0.000308494
7333,-0.000519055,-0.0153209,0.000310494
7334,-0.000517055,-0.0153209,0.000310494
7335,-0.000519055,-0.0153189,0.000310494
7336,-0.000517055,-0.0153189,0.000310494
7337,-0.000519055,-0.0153209,0.000310494
7338,-0.000517055,-0.0153209,0.000310494
7339,-0.000519055,-0.0153189,0.000310494
7340,-0.000517055,-0.0153189,0.000310494
7341,-0.000519055,-0.0153209,0.000312494
7342,-0.000517055,-0.0153209,0.000312494
7343,-0.000519055,-0.0153189,0.000312494
7344,-0.000517055,-0.0153189,0.000312494
7345,-0.000519055,-0.0153189,0.000304494
7346,-0.000517055,-0.0153189,0.000304494
7347,-0.000519055,-0.0153169,0.000304494
7348,-0.000517055,-0.0153169,0.000304494
7349,-0.000519055,-0.0153189,0.000306494
7350,-0.000517055,-0.0153189,0.000306494
7351,-0.000519055,-0.0153169,0.000306494
7352,-0.000517055,-0.0153169,0.000306494
7353,-0.000519055,-0.0153189,0.000306494
7354,-0.000517055,-0.0153189,0.000306494
7355,-0.000519055,-0.0153169,0.000306494
7356,-0.000517055,-0.0153169,0.000306494
7357,-0.000519055,-0.0153189,0.000308494
7358,-0.000517055,-0.0153189,0.000308494
7359,-0.000519055,-0.0153169,0.000308494
7360,-0.000517055,-0.0153169,0.000308494
7361,-0.000519055,-0.0153429,0.000312494
7362,-0.000517055,-0.0153429,0.000312494
7363,-0.000519055,-0.0153409,0.000312494
7364,-0.000517055,-0.0153409,0.000312494
7365,-0.000519055,-0.0153429,0.000314494
7366,-0.000517055,-0.0153429,0.000314494
7367,-0.000519055,-0.0153409,0.000314494
7368,-0.000517055,-0.0153409,0.000314494
7369,-0.000519055,-0.0153429,0.000316494
7370,-0.000517055,-0.0153429,0.000316494
7371,-0.000519055,-0.0153409,0.000316494
7372,-0.000517055,-0.0153409,0.000316494
7373,-0.000519055,-0.0153429,0.000318494
7374,-0.000517055,-0.0153429,0.000318494
7375,-0.000519055,-0.0153409,0.000318494
7376,-0.000517055,-0.0153409,0.000318494
7377,-0.000519055,-0.0153429,0.000318494
7378,-0.000517055,-0.0153429,0.000318494
7379,-0.000519055,-0.0153409,0.000318494
7380,-0.000517055,-0.0153409,0.000318494
7381,-0.000519055,-0.0153429,0.000320494
7382,-0.000517055,-0.0153429,0.000320494
7383,-0.000519055,-0.0153409,0.000320494
7384,-0.000517055,-0.0153409,0.000320494
7385,-0.000519055,-0.0153429,0.000296494
7386,-0.000517055,-0.0153429,0.000296494
7387,-0.000519055,-0.0153409,0.000296494
7388,-0.000517055,-0.0153409,0.000296494
7389,-0.000519055,-0.0153429,0.000298494
7390,-0.000517055,-0.0153429,0.000298494
7391,-0.000519055,-0.0153409,0.000298494
7392,-0.000517055,-0.0153409,0.000298494
7393,-0.000519055,-0.0153429,0.000298494
7394,-0.000517055,-0.0153429,0.000298494
7395,-0.000519055,-0.0153409,0.000298494
7396,-0.000517055,-0.0153409,0.000298494
7397,-0.000519055,-0.0153429,0.000300494
7398,-0.000517055,-0.0153429,0.000300494
7399,-0.000519055,-0.0153409,0.000300494
7400,-0.000517055,-0.0153409,0.000300494
7401,-0.000519055,-0.0153429,0.000300494
7402,-0.000517055,-0.0153429,0.000300494
7403,-0.000519055,-0.0153409,0.000300494
7404,-0.000517055,-0.0153409,0.000300494
7405,-0.000519055,-0.0153429,0.000302494
7406,-0.000517055,-0.0153429,0.000302494
7407,-0.000519055,-0.0153409,0.000302494
7408,-0.000517055,-0.0153409,0.000302494
7409,-0.000519055,-0.0153429,0.000302494
7410,-0.000517055,-0.0153429,0.000302494
7411,-0.000519055,-0.0153409,0.000302494
7412,-0.000517055,-0.0153409,0.000302494
7413,-0.000519055,-0.0153429,0.000304494
7414,-0.000517055,-0.0153429,0.000304494
7415,-0.000519055,-0.0153409,0.000304494
7416,-0.000517055,-0.0153409,0.000304494
7417,-0.000519055,-0.0153429,0.000304494
7418,-0.000517055,-0.0153429,0.000304494
7419,-0.000519055,-0.0153409,0.000304494
7420,-0.000517055,-0.0153409,0.000304494
7421,-0.000519055,-0.0153429,0.000306494
7422,-0.000517055,-0.0153429,0.000306494
7423,-0.000519055,-0.0153409,0.000306494
7424,-0.000517055,-0.0153409,0.000306494
7425,-0.000519055,-0.0153429,0.000306494
7426,-0.000517055,-0.0153429,0.000306494
7427,-0.000519055,-0.0153409,0.000306494
7428,-0.000517055,-0.0153409,0.000306494
7429,-0.000519055,-0.0153429,0.000308494
7430,-0.000517055,-0.0153429,0.000308494
7431,-0.000519055,-0.0153409,0.000308494
7432,-0.000517055,-0.0153409,0.000308494
7433,-0.000519055,-0.0153429,0.000308494
7434,-0.000517055,-0.0153429,0.000308494
7435,-0.000519055,-0.0153409,0.000308494
7436,-0.000517055,-0.0153409,0.000308494
7437,-0.000519055,-0.0153429,0.000310494
7438,-0.000517055,-0.0153429,0.000310494
7439,-0.000519055,-0.0153409,0.000310494
7440,-0.000517055,-0.0153409,0.000310494
7441,-0.000519055,-0.0153429,0.000310494
7442,-0.000517055,-0.0153429,0.000310494
7443,-0.000519055,-0.0153409,0.000310494
7444,-0.000517055,-0.0153409,0.000310494
7445,-0.000519055,-0.0153429,0.000312494
7446,-0.000517055,-0.0153429,0.000312494
7447,-0.000519055,-0.0153409,0.000312494
7448,-0.000517055,-0.0153409,0.000312494
7449,-0.000519055,-0.0153409,0.000294494
7450,-0.000517055,-0.0153409,0.000294494
7451,-0.000519055,-0.0153389,0.000294494
7452,-0.000517055,-0.0153389,0.000294494
7453,-0.000519055,-0.0153409,0.000296494
7454,-0.000517055,-0.0153409,0.000296494
7455,-0.000519055,-0.0153389,0.000296494
7456,-0.000517055,-0.0153389,0.000296494
7457,-0.000519055,-0.0153409,0.000312494
7458,-0.000517055,-0.0153409,0.000312494
7459,-0.000519055,-0.0153389,0.000312494
7460,-0.000517055,-0.0153389,0.000312494
7461,-0.000519055,-0.0153409,0.000314494
7462,-0.000517055,-0.0153409,0.000314494
7463,-0.000519055,-0.0153389,0.000314494
7464,-0.000517055,-0.0153389,0.000314494
7465,-0.000519055,-0.0153409,0.000314494
7466,-0.000517055,-0.0153409,0.000314494
7467,-0.000519055,-0.0153389,0.000314494
7468,-0.000517055,-0.0153389,0.000314494
7469,-0.000519055,-0.0153409,0.000316494
7470,-0.000517055,-0.0153409,0.000316494
7471,-0.000519055,-0.0153389,0.000316494
7472,-0.000517055,-0.0153389,0.000316494
7473,-0.000519055,-0.0153409,0.000316494
7474,-0.000517055,-0.0153409,0.000316494
7475,-0.000519055,-0.0153389,0.000316494
7476,-0.000517055,-0.0153389,0.000316494
7477,-0.000519055,-0.0153409,0.000318494
7478,-0.000517055,-0.0153409,0.000318494
7479,-0.000519055,-0.0153389,0.000318494
7480,-0.000517055,-0.0153389,0.000318494
7481,-0.000519055,-0.0153409,0.000318494
7482,-0.000517055,-0.0153409,0.000318494
7483,-0.000519055,-0.0153389,0.000318494
7484,-0.000517055,-0.0153389,0.000318494
7485,-0.000519055,-0.0153409,0.000320494
7486,-0.000517055,-0.0153409,0.000320494
7487,-0.000519055,-0.0153389,0.000320494
7488,-0.000517055,-0.0153389,0.000320494
7489,-0.000519055,-0.0153409,0.000320494
7490,-0.000517055,-0.0153409,0.000320494
7491,-0.000519055,-0.0153389,0.000320494
7492,-0.000517055,-0.0153389,0.000320494
7493,-0.000519055,-0.0153409,0.000322494
7494,-0.000517055,-0.0153409,0.000322494
7495,-0.000519055,-0.0153389,0.000322494
7496,-0.000517055,-0.0153389,0.000322494
7497,-0.000519055,-0.0153409,0.000322494
7498,-0.000517055,-0.0153409,0.000322494
7499,-0.000519055,-0.0153389,0.000322494
7500,-0.000517055,-0.0153389,0.000322494
7501,-0.000519055,-0.0153409,0.000324494
7502,-0.000517055,-0.0153409,0.000324494
7503,-0.000519055,-0.0153389,0.000324494
7504,-0.000517055,-0.0153389,0.000324494
7505,-0.000519055,-0.0153409,0.000296494
7506,-0.000517055,-0.0153409,0.000296494
7507,-0.000519055,-0.0153389,0.000296494
7508,-0.000517055,-0.0153389,0.000296494
7509,-0.000519055,-0.0153409,0.000298494
7510,-0.000517055,-0.0153409,0.000298494
7511,-0.000519055,-0.0153389,0.000298494
7512,-0.000517055,-0.0153389,0.000298494
7513,-0.000519055,-0.0153409,0.000298494
7514,-0.000517055,-0.0153409,0.000298494
7515,-0.000519055,-0.0153389,0.000298494
7516,-0.000517055,-0.0153389,0.000298494
7517,-0.000519055,-0.0153409,0.000300494
7518,-0.000517055,-0.0153409,0.000300494
7519,-0.000519055,-0.0153389,0.000300494
7520,-0.000517055,-0.0153389,0.000300494
7521,-0.000519055,-0.0153409,0.000310494
7522,-0.000517055,-0.0153409,0.000310494
7523,-0.000519055,-0.0153389,0.000310494
7524,-0.000517055,-0.0153389,0.000310494
7525,-0.000519055,-0.0153409,0.000312494
7526,-0.000517055,-0.0153409,0.000312494
7527,-0.000519055,-0.0153389,0.000312494
7528,-0.000517055,-0.0153389,0.000312494
7529,-0.000519055,-0.0153389,0.000294494
7530,-0.000517055,-0.0153389,0.000294494
7531,-0.000519055,-0.0153369,0.000294494
7532,-0.000517055,-0.0153369,0.000294494
7533,-0.000519055,-0.0153389,0.000296494
7534,-0.000517055,-0.0153389,0.000296494
7535,-0.000519055,-0.0153369,0.000296494
7536,-0.000517055,-0.0153369,0.000296494
7537,-0.000519055,-0.0153389,0.000320494
7538,-0.000517055,-0.0153389,0.000320494
7539,-0.000519055,-0.0153369,0.000320494
7540,-0.000517055,-0.0153369,0.000320494
7541,-0.000519055,-0.0153389,0.000322494
7542,-0.000517055,-0.0153389,0.000322494
7543,-0.000519055,-0.0153369,0.000322494
7544,-0.000517055,-0.0153369,0.000322494
7545,-0.000519055,-0.0153389,0.000322494
7546,-0.000517055,-0.0153389,0.000322494
7547,-0.000519055,-0.0153369,0.000322494
7548,-0.000517055,-0.0153369,0.000322494
7549,-0.000519055,-0.0153389,0.000324494
7550,-0.000517055,-0.0153389,0.000324494
7551,-0.000519055,-0.0153369,0.000324494
7552,-0.000517055,-0.0153369,0.000324494
7553,-0.000519055,-0.0153389,0.000296494
7554,-0.000517055,-0.0153389,0.000296494
7555,-0.000519055,-0.0153369,0.000296494
7556,-0.000517055,-0.0153369,0.000296494
7557,-0.000519055,-0.0153389,0.000298494
7558,-0.000517055,-0.0153389,0.000298494
7559,-0.000519055,-0.0153369,0.000298494
7560,-0.000517055,-0.0153369,0.000298494
7561,-0.000519055,-0.0153389,0.000298494
7562,-0.000517055,-0.0153389,0.000298494
7563,-0.000519055,-0.0153369,0.000298494
7564,-0.000517055,-0.0153369,0.000298494
7565,-0.000519055,-0.0153389,0.000300494
7566,-0.000517055,-0.0153389,0.000300494
7567,-0.000519055,-0.0153369,0.000300494
7568,-0.000517055,-0.0153369,0.000300494
7569,-0.000519055,-0.0153389,0.000300494
7570,-0.000517055,-0.0153389,0.000300494
7571,-0.000519055,-0.0153369,0.000300494
7572,-0.000517055,-0.0153369,0.000300494
7573,-0.000519055,-0.0153389,0.000302494
7574,-0.000517055,-0.0153389,0.000302494
7575,-0.000519055,-0.0153369,0.000302494
7576,-0.000517055,-0.0153369,0.000302494
7577,-0.000519055,-0.0153369,0.000294494
7578,-0.000517055,-0.0153369,0.000294494
7579,-0.000519055,-0.0153349,0.000294494
7580,-0.000517055,-0.0153349,0.000294494
7581,-0.000519055,-0.0153369,0.000296494
7582,-0.000517055,-0.0153369,0.000296494
7583,-0.000519055,-0.0153349,0.000296494
7584,-0.000517055,-0.0153349,0.000296494
7585,-0.000519055,-0.0153369,0.000322494
7586,-0.000517055,-0.0153369,0.000322494
7587,-0.000519055,-0.0153349,0.000322494
7588,-0.000517055,-0.0153349,0.000322494
7589,-0.000519055,-0.0153369,0.000324494
7590,-0.000517055,-0.0153369,0.000324494
7591,-0.000519055,-0.0153349,0.000324494
7592,-0.000517055,-0.0153349,0.000324494
7593,-0.000519055,-0.0153369,0.000324494
7594,-0.000517055,-0.0153369,0.000324494
7595,-0.000519055,-0.0153349,0.000324494
7596,-0.000517055,-0.0153349,0.000324494
7597,-0.000519055,-0.0153369,0.000326494
7598,-0.000517055,-0.0153369,0.000326494
7599,-0.000519055,-0.0153349,0.000326494
7600,-0.000517055,-0.0153349,0.000326494
7601,-0.000519055,-0.0153369,0.000296494
7602,-0.000517055,-0.0153369,0.000296494
7603,-0.000519055,-0.0153349,0.000296494
7604,-0.000517055,-0.0153349,0.000296494
7605,-0.000519055,-0.0153369,0.000298494
7606,-0.000517055,-0.0153369,0.000298494
7607,-0.000519055,-0.0153349,0.000298494
7608,-0.000517055,-0.0153349,0.000298494
7609,-0.000519055,-0.0153369,0.000298494
7610,-0.000517055,-0.0153369,0.000298494
7611,-0.000519055,-0.0153349,0.000298494
7612,-0.000517055,-0.0153349,0.000298494
7613,-0.000519055,-0.0153369,0.000300494
7614,-0.000517055,-0.0153369,0.000300494
7615,-0.000519055,-0.0153349,0.000300494
7616,-0.000517055,-0.0153349,0.000300494
7617,-0.000519055,-0.0153349,0.000294494
7618,-0.000517055,-0.0153349,0.000294494
7619,-0.000519055,-0.0153329,0.000294494
7620,-0.000517055,-0.0153329,0.000294494
7621,-0.000519055,-0.0153349,0.000296494
7622,-0.000517055,-0.0153349,0.000296494
7623,-0.000519055,-0.0153329,0.000296494
7624,-0.000517055,-0.0153329,0.000296494
7625,-0.000519055,-0.0153349,0.000324494
7626,-0.000517055,-0.0153349,0.000324494
7627,-0.000519055,-0.0153329,0.000324494
7628,-0.000517055,-0.0153329,0.000324494
7629,-0.000519055,-0.0153349,0.000326494
7630,-0.000517055,-0.0153349,0.000326494
7631,-0.000519055,-0.0153329,0.000326494
7632,-0.000517055,-0.0153329,0.000326494
7633,-0.000519055,-0.0153349,0.000296494
7634,-0.000517055,-0.0153349,0.000296494
7635,-0.000519055,-0.0153329,0.000296494
7636,-0.000517055,-0.0153329,0.000296494
7637,-0.000519055,-0.0153349,0.000298494
7638,-0.000517055,-0.0153349,0.000298494
7639,-0.000519055,-0.0153329,0.000298494
7640,-0.000517055,-0.0153329,0.000298494
7641,-0.000519055,-0.0153349,0.000298494
7642,-0.000517055,-0.0153349,0.000298494
7643,-0.000519055,-0.0153329,0.000298494
7644,-0.000517055,-0.0153329,0.000298494
7645,-0.000519055,-0.0153349,0.000300494
7646,-0.000517055,-0.0153349,0.000300494
7647,-0.000519055,-0.0153329,0.000300494
7648,-0.000517055,-0.0153329,0.000300494
7649,-0.000519055,-0.0153349,0.000300494
7650,-0.000517055,-0.0153349,0.000300494
7651,-0.000519055,-0.0153329,0.000300494
7652,-0.000517055,-0.0153329,0.000300494
7653,-0.000519055,-0.0153349,0.000302494
7654,-0.000517055,-0.0153349,0.000302494
7655,-0.000519055,-0.0153329,0.000302494
7656,-0.000517055,-0.0153329,0.000302494
7657,-0.000519055,-0.0153329,0.000324494
7658,-0.000517055,-0.0153329,0.000324494
7659,-0.000519055,-0.0153309,0.000324494
7660,-0.000517055,-0.0153309,0.000324494
7661,-0.000519055,-0.0153329,0.000326494
7662,-0.000517055,-0.0153329,0.000326494
7663,-0.000519055,-0.0153309,0.000326494
7664,-0.000517055,-0.0153309,0.000326494
7665,-0.000519055,-0.0153329,0.000296494
7666,-0.000517055,-0.0153329,0.000296494
7667,-0.000519055,-0.0153309,0.000296494
7668,-0.000517055,-0.0153309,0.000296494
7669,-0.000519055,-0.0153329,0.000298494
7670,-0.000517055,-0.0153329,0.000298494
7671,-0.000519055,-0.0153309,0.000298494
7672,-0.000517055,-0.0153309,0.000298494
7673,-0.000519055,-0.0153329,0.000298494
7674,-0.000517055,-0.0153329,0.000298494
7675,-0.000519055,-0.0153309,0.000298494
7676,-0.000517055,-0.0153309,0.000298494
7677,-0.000519055,-0.0153329,0.000300494
7678,-0.000517055,-0.0153329,0.000300494
7679,-0.000519055,-0.0153309,0.000300494
7680,-0.000517055,-0.0153309,0.000300494
7681,-0.000519055,-0.0153329,0.000300494
7682,-0.000517055,-0.0153329,0.000300494
7683,-0.000519055,-0.0153309,0.000300494
7684,-0.000517055,-0.0153309,0.000300494
7685,-0.000519055,-0.0153329,0.000302494
7686,-0.000517055,-0.0153329,0.000302494
7687,-0.000519055,-0.0153309,0.000302494
7688,-0.000517055,-0.0153309,0.000302494
7689,-0.000519055,-0.0153309,0.000324494
7690,-0.000517055,-0.0153309,0.000324494
7691,-0.000519055,-0.0153289,0.000324494
7692,-0.000517055,-0.0153289,0.000324494
7693,-0.000519055,-0.0153309,0.000326494
7694,-0.000517055,-0.0153309,0.000326494
7695,-0.000519055,-0.0153289,0.000326494
7696,-0.000517055,-0.0153289,0.000326494
7697,-0.000519055,-0.0153309,0.000296494
7698,-0.000517055,-0.0153309,0.000296494
7699,-0.000519055,-0.0153289,0.000296494
7700,-0.000517055,-0.0153289,0.000296494
7701,-0.000519055,-0.0153309,0.000298494
7702,-0.000517055,-0.0153309,0.000298494
7703,-0.000519055,-0.0153289,0.000298494
7704,-0.000517055,-0.0153289,0.000298494
7705,-0.000519055,-0.0153309,0.000298494
7706,-0.000517055,-0.0153309,0.000298494
7707,-0.000519055,-0.0153289,0.000298494
7708,-0.000517055,-0.0153289,0.000298494
7709,-0.000519055,-0.0153309,0.000300494
7710,-0.000517055,-0.0153309,0.000300494
7711,-0.000519055,-0.0153289,0.000300494
7712,-0.000517055,-0.0153289,0.000300494
7713,-0.000519055,-0.0153309,0.000300494
7714,-0.000517055,-0.0153309,0.000300494
7715,-0.000519055,-0.0153289,0.000300494
7716,-0.000517055,-0.0153289,0.000300494
7717,-0.000519055,-0.0153309,0.000302494
7718,-0.000517055,-0.0153309,0.000302494
7719,-0.000519055,-0.0153289,0.000302494
7720,-0.000517055,-0.0153289,0.000302494
7721,-0.000519055,-0.0153289,0.000322494
7722,-0.000517055,-0.0153289,0.000322494
7723,-0.000519055,-0.0153269,0.000322494
7724,-0.000517055,-0.0153269,0.000322494
7725,-0.000519055,-0.0153289,0.000324494
7726,-0.000517055,-0.0153289,0.000324494
7727,-0.000519055,-0.0153269,0.000324494
7728,-0.000517055,-0.0153269,0.000324494
7729,-0.000519055,-0.0153289,0.000324494
7730,-0.000517055,-0.0153289,0.000324494
7731,-0.000519055,-0.0153269,0.000324494
7732,-0.000517055,-0.0153269,0.000324494
7733,-0.000519055,-0.0153289,0.000326494
7734,-0.000517055,-0.0153289,0.000326494
7735,-0.000519055,-0.0153269,0.000326494
7736,-0.000517055,-0.0153269,0.000326494
7737,-0.000519055,-0.0153289,0.000296494
7738,-0.000517055,-0.0153289,0.000296494
7739,-0.000519055,-0.0153269,0.000296494
7740,-0.000517055,-0.0153269,0.000296494
7741,-0.000519055,-0.0153289,0.000298494
7742,-0.000517055,-0.0153289,0.000298494
7743,-0.000519055,-0.0153269,0.000298494
7744,-0.000517055,-0.0153269,0.000298494
7745,-0.000519055,-0.0153289,0.000298494
7746,-0.000517055,-0.0153289,0.000298494
7747,-0.000519055,-0.0153269,0.000298494
7748,-0.000517055,-0.0153269,0.000298494
7749,-0.000519055,-0.0153289,0.000300494
7750,-0.000517055,-0.0153289,0.000300494
7751,-0.000519055,-0.0153269,0.000300494
7752,-0.000517055,-0.0153269,0.000300494
7753,-0.000519055,-0.0153289,0.000300494
7754,-0.000517055,-0.0153289,0.000300494
7755,-0.000519055,-0.0153269,0.000300494
7756,-0.000517055,-0.0153269,0.000300494
7757,-0.000519055,-0.0153289,0.000302494
7758,-0.000517055,-0.0153289,0.000302494
7759,-0.000519055,-0.0153269,0.000302494
7760,-0.000517055,-0.0153269,0.000302494
7761,-0.000519055,-0.0153289,0.000302494
7762,-0.000517055,-0.0153289,0.000302494
7763,-0.000519055,-0.0153269,0.000302494
7764,-0.000517055,-0.0153269,0.000302494
7765,-0.000519055,-0.0153289,0.000304494
7766,-0.000517055,-0.0153289,0.000304494
7767,-0.000519055,-0.0153269,0.000304494
7768,-0.000517055,-0.0153269,0.000304494
